alarm_id,timestamp,node,severity,alarm_code,alarm_type,layer,resource,details
MSK-ALM-0001,2026-09-23T22:07:48Z,MASKED-UPF-01,MINOR,VRTR #2061,BFD_SESSION_DOWN_NBR_SIGNAL,L1_TRANSPORT,vprn201 <MASKED-IP>,BFD: Local Discriminator 68 BFD session on node <MASKED-IP> is down due to nbrSignalDown
MSK-ALM-0002,2026-09-23T22:07:49Z,MASKED-UPF-01,MAJOR,MOBILE_GATEWAY #2016,MSCP_CARD_OPER_STATE_STANDBY,L2_ROUTING,Base MSCP Group/Card: 2/6,Card oper state-standby.
MSK-ALM-0003,2026-09-23T22:07:49Z,MASKED-UPF-01,MAJOR,MOBILE_GATEWAY #2015,MSCP_GROUP_OPER_STATE_HOT,L2_ROUTING,Base MSCP Group: 2,Group Oper state-cold.
MSK-ALM-0004,2026-09-23T22:07:49Z,MASKED-UPF-01,MAJOR,SVCMGR #2210,ACCESS_PORT_STATE_CHANGE_PROCESSED,L2_ROUTING,Base,Processing of an access port state change event is finished and the status of all affected SAPs on port bbg-2.nat-in-ip has been updated.
MSK-ALM-0005,2026-09-23T22:07:49Z,MASKED-UPF-01,MINOR,NAT #2020,NAT_MDA_ACTIVE_TRANSITION,L3_USER_PLANE,Base NAT,The NAT MDA 5/4 is now active in group 2.
MSK-ALM-0006,2026-09-23T22:07:49Z,MASKED-UPF-01,MINOR,NAT #2025,NAT_GROUP_STATUS_CHECK,L4_SERVICE_KPI,Base NAT,The NAT group 2 is not degraded.
MSK-ALM-0007,2026-09-23T22:07:49Z,MASKED-UPF-01,MINOR,NAT #2024,NAT_GROUP_IN_SERVICE,L3_USER_PLANE,Base NAT,The state of NAT group 2 changed to in-service.
MSK-ALM-0008,2026-09-23T22:07:49Z,MASKED-UPF-01,MAJOR,MOBILE_GATEWAY #2016,MSCP_CARD_OPER_STATE_STANDBY,L2_ROUTING,Base MSCP Group/Card: 2/5,Card oper state-active.
MSK-ALM-0009,2026-09-23T22:07:49Z,MASKED-UPF-01,MAJOR,MOBILE_GATEWAY #2015,MSCP_GROUP_OPER_STATE_HOT,L2_ROUTING,Base MSCP Group: 1,Group Oper state-warm.
MSK-ALM-0010,2026-09-23T22:07:49Z,MASKED-UPF-01,MAJOR,MOBILE_GATEWAY #2016,MSCP_CARD_OPER_STATE_STANDBY,L2_ROUTING,Base MSCP Group/Card: 1/4,Card oper state-standby.
MSK-ALM-0011,2026-09-23T22:07:49Z,MASKED-UPF-01,MAJOR,MOBILE_GATEWAY #2015,MSCP_GROUP_OPER_STATE_HOT,L2_ROUTING,Base MSCP Group: 1,Group Oper state-cold.
MSK-ALM-0012,2026-09-23T22:07:49Z,MASKED-UPF-01,MINOR,NAT #2020,NAT_MDA_ACTIVE_TRANSITION,L3_USER_PLANE,Base NAT,The NAT MDA 3/4 is now active in group 1.
MSK-ALM-0013,2026-09-23T22:07:49Z,MASKED-UPF-01,MINOR,NAT #2025,NAT_GROUP_STATUS_CHECK,L4_SERVICE_KPI,Base NAT,The NAT group 1 is not degraded.
MSK-ALM-0014,2026-09-23T22:07:49Z,MASKED-UPF-01,MINOR,NAT #2024,NAT_GROUP_IN_SERVICE,L3_USER_PLANE,Base NAT,The state of NAT group 1 changed to in-service.
MSK-ALM-0015,2026-09-23T22:07:49Z,MASKED-UPF-01,MAJOR,MOBILE_GATEWAY #2016,MSCP_CARD_OPER_STATE_STANDBY,L2_ROUTING,Base MSCP Group/Card: 1/3,Card oper state-active.
MSK-ALM-0016,2026-09-23T22:07:49Z,MASKED-UPF-01,MAJOR,MOBILE_GATEWAY #2015,MSCP_GROUP_OPER_STATE_HOT,L2_ROUTING,Base MSCP Group: 6,Group Oper state-cold.
MSK-ALM-0017,2026-09-23T22:07:49Z,MASKED-UPF-01,MINOR,NAT #2020,NAT_MDA_ACTIVE_TRANSITION,L3_USER_PLANE,Base NAT,The NAT MDA 13/4 is now active in group 6.
MSK-ALM-0018,2026-09-23T22:07:49Z,MASKED-UPF-01,MINOR,NAT #2025,NAT_GROUP_STATUS_CHECK,L4_SERVICE_KPI,Base NAT,The NAT group 6 is not degraded.
MSK-ALM-0019,2026-09-23T22:07:49Z,MASKED-UPF-01,MINOR,NAT #2024,NAT_GROUP_IN_SERVICE,L3_USER_PLANE,Base NAT,The state of NAT group 6 changed to in-service.
MSK-ALM-0020,2026-09-23T22:07:49Z,MASKED-UPF-01,MAJOR,MOBILE_GATEWAY #2016,MSCP_CARD_OPER_STATE_STANDBY,L2_ROUTING,Base MSCP Group/Card: 6/13,Card oper state-active.
MSK-ALM-0021,2026-09-23T22:07:49Z,MASKED-UPF-01,MAJOR,MOBILE_GATEWAY #2015,MSCP_GROUP_OPER_STATE_HOT,L2_ROUTING,Base MSCP Group: 3,Group Oper state-warm.
MSK-ALM-0022,2026-09-23T22:07:49Z,MASKED-UPF-01,MINOR,NAT #2020,NAT_MDA_ACTIVE_TRANSITION,L3_USER_PLANE,Base NAT,The NAT MDA 12/4 is now active in group 5.
MSK-ALM-0023,2026-09-23T22:07:49Z,MASKED-UPF-01,MINOR,NAT #2025,NAT_GROUP_STATUS_CHECK,L4_SERVICE_KPI,Base NAT,The NAT group 5 is not degraded.
MSK-ALM-0024,2026-09-23T22:07:49Z,MASKED-UPF-01,MINOR,NAT #2024,NAT_GROUP_IN_SERVICE,L3_USER_PLANE,Base NAT,The state of NAT group 5 changed to in-service.
MSK-ALM-0025,2026-09-23T22:07:49Z,MASKED-UPF-01,MAJOR,MOBILE_GATEWAY #2016,MSCP_CARD_OPER_STATE_STANDBY,L2_ROUTING,Base MSCP Group/Card: 3/8,Card oper state-standby.
MSK-ALM-0026,2026-09-23T22:07:49Z,MASKED-UPF-01,MAJOR,MOBILE_GATEWAY #2015,MSCP_GROUP_OPER_STATE_HOT,L2_ROUTING,Base MSCP Group: 5,Group Oper state-cold.
MSK-ALM-0027,2026-09-23T22:07:49Z,MASKED-UPF-01,MINOR,NAT #2020,NAT_MDA_ACTIVE_TRANSITION,L3_USER_PLANE,Base NAT,The NAT MDA 16/4 is now active in group 7.
MSK-ALM-0028,2026-09-23T22:07:49Z,MASKED-UPF-01,MINOR,NAT #2025,NAT_GROUP_STATUS_CHECK,L4_SERVICE_KPI,Base NAT,The NAT group 7 is not degraded.
MSK-ALM-0029,2026-09-23T22:07:49Z,MASKED-UPF-01,MINOR,NAT #2024,NAT_GROUP_IN_SERVICE,L3_USER_PLANE,Base NAT,The state of NAT group 7 changed to in-service.
MSK-ALM-0030,2026-09-23T22:07:49Z,MASKED-UPF-01,MAJOR,MOBILE_GATEWAY #2016,MSCP_CARD_OPER_STATE_STANDBY,L2_ROUTING,Base MSCP Group/Card: 5/12,Card oper state-active.
MSK-ALM-0031,2026-09-23T22:07:49Z,MASKED-UPF-01,MAJOR,MOBILE_GATEWAY #2015,MSCP_GROUP_OPER_STATE_HOT,L2_ROUTING,Base MSCP Group: 7,Group Oper state-cold.
MSK-ALM-0032,2026-09-23T22:07:49Z,MASKED-UPF-01,MAJOR,MOBILE_GATEWAY #2016,MSCP_CARD_OPER_STATE_STANDBY,L2_ROUTING,Base MSCP Group/Card: 7/16,Card oper state-active.
MSK-ALM-0033,2026-09-23T22:07:49Z,MASKED-UPF-01,MAJOR,MOBILE_GATEWAY #2015,MSCP_GROUP_OPER_STATE_HOT,L2_ROUTING,Base MSCP Group: 3,Group Oper state-cold.
MSK-ALM-0034,2026-09-23T22:07:49Z,MASKED-UPF-01,MINOR,NAT #2020,NAT_MDA_ACTIVE_TRANSITION,L3_USER_PLANE,Base NAT,The NAT MDA 7/4 is now active in group 3.
MSK-ALM-0035,2026-09-23T22:07:49Z,MASKED-UPF-01,MINOR,NAT #2025,NAT_GROUP_STATUS_CHECK,L4_SERVICE_KPI,Base NAT,The NAT group 3 is not degraded.
MSK-ALM-0036,2026-09-23T22:07:49Z,MASKED-UPF-01,MINOR,NAT #2024,NAT_GROUP_IN_SERVICE,L3_USER_PLANE,Base NAT,The state of NAT group 3 changed to in-service.
MSK-ALM-0037,2026-09-23T22:07:49Z,MASKED-UPF-01,MAJOR,MOBILE_GATEWAY #2016,MSCP_CARD_OPER_STATE_STANDBY,L2_ROUTING,Base MSCP Group/Card: 3/7,Card oper state-active.
MSK-ALM-0038,2026-09-23T22:07:49Z,MASKED-UPF-01,MAJOR,SYSTEM #2011,VRTR_BFD_ROUTE_NOTIFICATION_DROPPED,L4_SERVICE_KPI,Base VRTR,Dropped notification tmnxVRtrBfdSessExtUp for vRtrIfBfdSessExtEntry because of frequencyExceeded
MSK-ALM-0039,2026-09-23T22:07:49Z,MASKED-UPF-02,MAJOR,SVCMGR #2210,ACCESS_PORT_STATE_CHANGE_PROCESSED,L2_ROUTING,Base,Processing of an access port state change event is finished and the status of all affected SAPs on port 7/4/nat-out-ip has been updated.
MSK-ALM-0040,2026-09-23T22:07:49Z,MASKED-UPF-02,WARNING,SYSTEM #2009,PORT_OR_REDUNDANCY_STATE_CHANGE,L1_TRANSPORT,vprn2003 IP,"Status of vRtrIfTable: router vprn2003 (index 26) interface _tmnx_nat-outside_7/4 (index 131128) changed administrative state: inService, operational state: inService"
MSK-ALM-0041,2026-09-23T22:07:49Z,MASKED-UPF-02,WARNING,SYSTEM #2009,PORT_OR_REDUNDANCY_STATE_CHANGE,L1_TRANSPORT,Base IP,"Status of vRtrIfTable: router Base (index 1) interface _tmnx_nat-outside_7/4 (index 131126) changed administrative state: inService, operational state: inService"
MSK-ALM-0042,2026-09-23T22:07:49Z,MASKED-UPF-02,WARNING,SYSTEM #2009,PORT_OR_REDUNDANCY_STATE_CHANGE,L1_TRANSPORT,vprn3003 IP,"Status of vRtrIfTable: router vprn3003 (index 36) interface UP-IMS-MG7-PORT-2 (index 237) changed administrative state: inService, operational state: inService"
MSK-ALM-0043,2026-09-23T22:07:50Z,MASKED-UPF-01,MAJOR,SVCMGR #2210,ACCESS_PORT_STATE_CHANGE_PROCESSED,L2_ROUTING,Base,Processing of an access port state change event is finished and the status of all affected SAPs on port bbg-8.nat-in-ip has been updated.
MSK-ALM-0044,2026-09-23T22:07:50Z,MASKED-UPF-01,MAJOR,MOBILE_GATEWAY #2016,MSCP_CARD_OPER_STATE_STANDBY,L2_ROUTING,Base MSCP Group/Card: 9/20,Card oper state-standby.
MSK-ALM-0045,2026-09-23T22:07:50Z,MASKED-UPF-01,MINOR,NAT #2020,NAT_MDA_ACTIVE_TRANSITION,L3_USER_PLANE,Base NAT,The NAT MDA 17/4 is now active in group 8.
MSK-ALM-0046,2026-09-23T22:07:50Z,MASKED-UPF-01,MINOR,NAT #2025,NAT_GROUP_STATUS_CHECK,L4_SERVICE_KPI,Base NAT,The NAT group 8 is not degraded.
MSK-ALM-0047,2026-09-23T22:07:50Z,MASKED-UPF-01,MINOR,NAT #2024,NAT_GROUP_IN_SERVICE,L3_USER_PLANE,Base NAT,The state of NAT group 8 changed to in-service.
MSK-ALM-0048,2026-09-23T22:07:50Z,MASKED-UPF-01,MAJOR,MOBILE_GATEWAY #2015,MSCP_GROUP_OPER_STATE_HOT,L2_ROUTING,Base MSCP Group: 8,Group Oper state-cold.
MSK-ALM-0049,2026-09-23T22:07:50Z,MASKED-UPF-01,MAJOR,MOBILE_GATEWAY #2016,MSCP_CARD_OPER_STATE_STANDBY,L2_ROUTING,Base MSCP Group/Card: 8/17,Card oper state-active.
MSK-ALM-0050,2026-09-23T22:07:50Z,MASKED-UPF-01,MINOR,NAT #2020,NAT_MDA_ACTIVE_TRANSITION,L3_USER_PLANE,Base NAT,The NAT MDA 19/4 is now active in group 9.
MSK-ALM-0051,2026-09-23T22:07:50Z,MASKED-UPF-01,MINOR,NAT #2025,NAT_GROUP_STATUS_CHECK,L4_SERVICE_KPI,Base NAT,The NAT group 9 is not degraded.
MSK-ALM-0052,2026-09-23T22:07:50Z,MASKED-UPF-01,MINOR,NAT #2024,NAT_GROUP_IN_SERVICE,L3_USER_PLANE,Base NAT,The state of NAT group 9 changed to in-service.
MSK-ALM-0053,2026-09-23T22:07:50Z,MASKED-UPF-01,MAJOR,MOBILE_GATEWAY #2015,MSCP_GROUP_OPER_STATE_HOT,L2_ROUTING,Base MSCP Group: 9,Group Oper state-cold.
MSK-ALM-0054,2026-09-23T22:07:50Z,MASKED-UPF-01,MAJOR,MOBILE_GATEWAY #2016,MSCP_CARD_OPER_STATE_STANDBY,L2_ROUTING,Base MSCP Group/Card: 9/19,Card oper state-active.
MSK-ALM-0055,2026-09-23T22:07:50Z,MASKED-UPF-01,MAJOR,MOBILE_GATEWAY #2015,MSCP_GROUP_OPER_STATE_HOT,L2_ROUTING,Base MSCP Group: 4,Group Oper state-cold.
MSK-ALM-0056,2026-09-23T22:07:50Z,MASKED-UPF-01,MINOR,NAT #2020,NAT_MDA_ACTIVE_TRANSITION,L3_USER_PLANE,Base NAT,The NAT MDA 9/4 is now active in group 4.
MSK-ALM-0057,2026-09-23T22:07:50Z,MASKED-UPF-01,MINOR,NAT #2025,NAT_GROUP_STATUS_CHECK,L4_SERVICE_KPI,Base NAT,The NAT group 4 is not degraded.
MSK-ALM-0058,2026-09-23T22:07:50Z,MASKED-UPF-01,MINOR,NAT #2024,NAT_GROUP_IN_SERVICE,L3_USER_PLANE,Base NAT,The state of NAT group 4 changed to in-service.
MSK-ALM-0059,2026-09-23T22:07:50Z,MASKED-UPF-01,MAJOR,MOBILE_GATEWAY #2016,MSCP_CARD_OPER_STATE_STANDBY,L2_ROUTING,Base MSCP Group/Card: 4/9,Card oper state-active.
MSK-ALM-0060,2026-09-23T22:07:50Z,MASKED-UPF-01,MAJOR,MOBILE_GATEWAY #2015,MSCP_GROUP_OPER_STATE_HOT,L2_ROUTING,Base MSCP Group: 5,Group Oper state-warm.
MSK-ALM-0061,2026-09-23T22:07:50Z,MASKED-UPF-01,MAJOR,MOBILE_GATEWAY #2016,MSCP_CARD_OPER_STATE_STANDBY,L2_ROUTING,Base MSCP Group/Card: 5/11,Card oper state-standby.
MSK-ALM-0062,2026-09-23T22:07:50Z,MASKED-UPF-01,MAJOR,MOBILE_GATEWAY #2015,MSCP_GROUP_OPER_STATE_HOT,L2_ROUTING,Base MSCP Group: 6,Group Oper state-warm.
MSK-ALM-0063,2026-09-23T22:07:50Z,MASKED-UPF-01,MAJOR,MOBILE_GATEWAY #2016,MSCP_CARD_OPER_STATE_STANDBY,L2_ROUTING,Base MSCP Group/Card: 6/14,Card oper state-standby.
MSK-ALM-0064,2026-09-23T22:07:50Z,MASKED-UPF-01,MAJOR,MOBILE_GATEWAY #2015,MSCP_GROUP_OPER_STATE_HOT,L2_ROUTING,Base MSCP Group: 2,Group Oper state-warm.
MSK-ALM-0065,2026-09-23T22:07:50Z,MASKED-UPF-01,MAJOR,SYSTEM #2011,VRTR_BFD_ROUTE_NOTIFICATION_DROPPED,L4_SERVICE_KPI,Base VRTR,Dropped notification tmnxVRtrBfdSessExtUp for vRtrIfBfdSessExtEntry because of frequencyExceeded
MSK-ALM-0066,2026-09-23T22:07:50Z,MASKED-UPF-01,WARNING,SYSTEM #2009,PORT_OR_REDUNDANCY_STATE_CHANGE,L1_TRANSPORT,vprn1308 IP,"Status of vRtrIfTable: router vprn1308 (index 41) interface _tmnx_nat-inside (index 131116) changed administrative state: inService, operational state: inService"
MSK-ALM-0067,2026-09-23T22:07:50Z,MASKED-UPF-01,WARNING,SYSTEM #2009,PORT_OR_REDUNDANCY_STATE_CHANGE,L1_TRANSPORT,Base MOBILE_GATEWAY,"Status of Redundancy Group 8 changed administrative state: inService, operational state: inService"
MSK-ALM-0068,2026-09-23T22:07:50Z,MASKED-UPF-02,MAJOR,SYSTEM #2011,VRTR_BFD_ROUTE_NOTIFICATION_DROPPED,L4_SERVICE_KPI,Base VRTR,Dropped notification tmnxVRtrBfdSessExtUp for vRtrIfBfdSessExtEntry because of frequencyExceeded
MSK-ALM-0069,2026-09-23T22:07:51Z,MASKED-UPF-01,MAJOR,MOBILE_GATEWAY #2015,MSCP_GROUP_OPER_STATE_HOT,L2_ROUTING,Base MSCP Group: 2,Group Oper state-hot.
MSK-ALM-0070,2026-09-23T22:07:51Z,MASKED-UPF-01,MAJOR,MOBILE_GATEWAY #2015,MSCP_GROUP_OPER_STATE_HOT,L2_ROUTING,Base MSCP Group: 1,Group Oper state-hot.
MSK-ALM-0071,2026-09-23T22:07:51Z,MASKED-UPF-01,MAJOR,MOBILE_GATEWAY #2015,MSCP_GROUP_OPER_STATE_HOT,L2_ROUTING,Base MSCP Group: 3,Group Oper state-hot.
MSK-ALM-0072,2026-09-23T22:07:51Z,MASKED-UPF-01,MAJOR,MOBILE_GATEWAY #2015,MSCP_GROUP_OPER_STATE_HOT,L2_ROUTING,Base MSCP Group: 4,Group Oper state-warm.
MSK-ALM-0073,2026-09-23T22:07:51Z,MASKED-UPF-01,MAJOR,MOBILE_GATEWAY #2016,MSCP_CARD_OPER_STATE_STANDBY,L2_ROUTING,Base MSCP Group/Card: 4/10,Card oper state-standby.
MSK-ALM-0074,2026-09-23T22:07:51Z,MASKED-UPF-01,MAJOR,MOBILE_GATEWAY #2015,MSCP_GROUP_OPER_STATE_HOT,L2_ROUTING,Base MSCP Group: 7,Group Oper state-warm.
MSK-ALM-0075,2026-09-23T22:07:51Z,MASKED-UPF-01,MAJOR,MOBILE_GATEWAY #2016,MSCP_CARD_OPER_STATE_STANDBY,L2_ROUTING,Base MSCP Group/Card: 7/15,Card oper state-standby.
MSK-ALM-0076,2026-09-23T22:07:51Z,MASKED-UPF-01,MAJOR,MOBILE_GATEWAY #2015,MSCP_GROUP_OPER_STATE_HOT,L2_ROUTING,Base MSCP Group: 8,Group Oper state-warm.
MSK-ALM-0077,2026-09-23T22:07:51Z,MASKED-UPF-01,MAJOR,MOBILE_GATEWAY #2016,MSCP_CARD_OPER_STATE_STANDBY,L2_ROUTING,Base MSCP Group/Card: 8/18,Card oper state-standby.
MSK-ALM-0078,2026-09-23T22:07:51Z,MASKED-UPF-01,MAJOR,MOBILE_GATEWAY #2015,MSCP_GROUP_OPER_STATE_HOT,L2_ROUTING,Base MSCP Group: 9,Group Oper state-warm.
MSK-ALM-0079,2026-09-23T22:07:51Z,MASKED-UPF-01,WARNING,SYSTEM #2009,PORT_OR_REDUNDANCY_STATE_CHANGE,L1_TRANSPORT,Base MOBILE_PDN,"Status of PDN Gateway 1 changed administrative state: inService, operational state: inService"
MSK-ALM-0080,2026-09-23T22:07:51Z,MASKED-UPF-02,MINOR,NAT #2020,NAT_MDA_ACTIVE_TRANSITION,L3_USER_PLANE,Base NAT,The NAT MDA 11/4 is now active in group 5.
MSK-ALM-0081,2026-09-23T22:07:51Z,MASKED-UPF-02,MINOR,NAT #2025,NAT_GROUP_STATUS_CHECK,L4_SERVICE_KPI,Base NAT,The NAT group 5 is not degraded.
MSK-ALM-0082,2026-09-23T22:07:51Z,MASKED-UPF-02,MINOR,NAT #2024,NAT_GROUP_IN_SERVICE,L3_USER_PLANE,Base NAT,The state of NAT group 5 changed to in-service.
MSK-ALM-0083,2026-09-23T22:07:51Z,MASKED-UPF-02,MAJOR,MOBILE_GATEWAY #2016,MSCP_CARD_OPER_STATE_STANDBY,L2_ROUTING,Base MSCP Group/Card: 5/11,Card oper state-active.
MSK-ALM-0084,2026-09-23T22:07:51Z,MASKED-UPF-02,MAJOR,MOBILE_GATEWAY #2015,MSCP_GROUP_OPER_STATE_HOT,L2_ROUTING,Base MSCP Group: 7,Group Oper state-cold.
MSK-ALM-0085,2026-09-23T22:07:51Z,MASKED-UPF-02,MAJOR,SVCMGR #2210,ACCESS_PORT_STATE_CHANGE_PROCESSED,L2_ROUTING,Base,Processing of an access port state change event is finished and the status of all affected SAPs on port bbg-7.nat-in-ip has been updated.
MSK-ALM-0086,2026-09-23T22:07:51Z,MASKED-UPF-02,MINOR,NAT #2020,NAT_MDA_ACTIVE_TRANSITION,L3_USER_PLANE,Base NAT,The NAT MDA 15/4 is now active in group 7.
MSK-ALM-0087,2026-09-23T22:07:51Z,MASKED-UPF-02,MINOR,NAT #2025,NAT_GROUP_STATUS_CHECK,L4_SERVICE_KPI,Base NAT,The NAT group 7 is not degraded.
MSK-ALM-0088,2026-09-23T22:07:51Z,MASKED-UPF-02,MINOR,NAT #2024,NAT_GROUP_IN_SERVICE,L3_USER_PLANE,Base NAT,The state of NAT group 7 changed to in-service.
MSK-ALM-0089,2026-09-23T22:07:51Z,MASKED-UPF-02,MAJOR,MOBILE_GATEWAY #2016,MSCP_CARD_OPER_STATE_STANDBY,L2_ROUTING,Base MSCP Group/Card: 7/15,Card oper state-active.
MSK-ALM-0090,2026-09-23T22:07:51Z,MASKED-UPF-02,MAJOR,MOBILE_GATEWAY #2015,MSCP_GROUP_OPER_STATE_HOT,L2_ROUTING,Base MSCP Group: 4,Group Oper state-warm.
MSK-ALM-0091,2026-09-23T22:07:51Z,MASKED-UPF-02,MAJOR,MOBILE_GATEWAY #2016,MSCP_CARD_OPER_STATE_STANDBY,L2_ROUTING,Base MSCP Group/Card: 4/9,Card oper state-standby.
MSK-ALM-0092,2026-09-23T22:07:51Z,MASKED-UPF-02,MAJOR,MOBILE_GATEWAY #2015,MSCP_GROUP_OPER_STATE_HOT,L2_ROUTING,Base MSCP Group: 2,Group Oper state-warm.
MSK-ALM-0093,2026-09-23T22:07:51Z,MASKED-UPF-02,MAJOR,MOBILE_GATEWAY #2016,MSCP_CARD_OPER_STATE_STANDBY,L2_ROUTING,Base MSCP Group/Card: 2/6,Card oper state-standby.
MSK-ALM-0094,2026-09-23T22:07:51Z,MASKED-UPF-02,MAJOR,MOBILE_GATEWAY #2015,MSCP_GROUP_OPER_STATE_HOT,L2_ROUTING,Base MSCP Group: 4,Group Oper state-cold.
MSK-ALM-0095,2026-09-23T22:07:51Z,MASKED-UPF-02,MINOR,NAT #2020,NAT_MDA_ACTIVE_TRANSITION,L3_USER_PLANE,Base NAT,The NAT MDA 10/4 is now active in group 4.
MSK-ALM-0096,2026-09-23T22:07:51Z,MASKED-UPF-02,MINOR,NAT #2025,NAT_GROUP_STATUS_CHECK,L4_SERVICE_KPI,Base NAT,The NAT group 4 is not degraded.
MSK-ALM-0097,2026-09-23T22:07:51Z,MASKED-UPF-02,MINOR,NAT #2024,NAT_GROUP_IN_SERVICE,L3_USER_PLANE,Base NAT,The state of NAT group 4 changed to in-service.
MSK-ALM-0098,2026-09-23T22:07:51Z,MASKED-UPF-02,MAJOR,MOBILE_GATEWAY #2016,MSCP_CARD_OPER_STATE_STANDBY,L2_ROUTING,Base MSCP Group/Card: 4/10,Card oper state-active.
MSK-ALM-0099,2026-09-23T22:07:51Z,MASKED-UPF-02,MINOR,NAT #2020,NAT_MDA_ACTIVE_TRANSITION,L3_USER_PLANE,Base NAT,The NAT MDA 5/4 is now active in group 2.
MSK-ALM-0100,2026-09-23T22:07:51Z,MASKED-UPF-02,MAJOR,MOBILE_GATEWAY #2015,MSCP_GROUP_OPER_STATE_HOT,L2_ROUTING,Base MSCP Group: 2,Group Oper state-cold.
MSK-ALM-0101,2026-09-23T22:07:51Z,MASKED-UPF-02,MINOR,NAT #2025,NAT_GROUP_STATUS_CHECK,L4_SERVICE_KPI,Base NAT,The NAT group 2 is not degraded.
MSK-ALM-0102,2026-09-23T22:07:51Z,MASKED-UPF-02,MINOR,NAT #2024,NAT_GROUP_IN_SERVICE,L3_USER_PLANE,Base NAT,The state of NAT group 2 changed to in-service.
MSK-ALM-0103,2026-09-23T22:07:51Z,MASKED-UPF-02,MAJOR,MOBILE_GATEWAY #2016,MSCP_CARD_OPER_STATE_STANDBY,L2_ROUTING,Base MSCP Group/Card: 2/5,Card oper state-active.
MSK-ALM-0104,2026-09-23T22:07:51Z,MASKED-UPF-02,MAJOR,MOBILE_GATEWAY #2015,MSCP_GROUP_OPER_STATE_HOT,L2_ROUTING,Base MSCP Group: 1,Group Oper state-warm.
MSK-ALM-0105,2026-09-23T22:07:51Z,MASKED-UPF-02,MAJOR,MOBILE_GATEWAY #2016,MSCP_CARD_OPER_STATE_STANDBY,L2_ROUTING,Base MSCP Group/Card: 1/4,Card oper state-standby.
MSK-ALM-0106,2026-09-23T22:07:51Z,MASKED-UPF-02,MAJOR,SYSTEM #2011,VRTR_BFD_ROUTE_NOTIFICATION_DROPPED,L4_SERVICE_KPI,Base VRTR,Dropped notification tmnxVRtrBfdSessExtUp for vRtrIfBfdSessExtEntry because of frequencyExceeded
MSK-ALM-0107,2026-09-23T22:07:51Z,MASKED-UPF-02,MAJOR,SYSTEM #2025,REDUNDANCY_STANDBY_CPM_SYNC_DONE,L3_CONTROL_PLANE,Base Redundancy,Redundancy synchronization with standby CPM card B has completed. Standby CPM is ready.
MSK-ALM-0108,2026-09-23T22:07:51Z,MASKED-UPF-02,WARNING,SYSTEM #2009,PORT_OR_REDUNDANCY_STATE_CHANGE,L1_TRANSPORT,vprn1405 IP,"Status of vRtrIfTable: router vprn1405 (index 18) interface _tmnx_nat-inside (index 131113) changed administrative state: inService, operational state: inService"
MSK-ALM-0109,2026-09-23T22:07:51Z,MASKED-UPF-02,WARNING,SYSTEM #2009,PORT_OR_REDUNDANCY_STATE_CHANGE,L1_TRANSPORT,Base MOBILE_GATEWAY,"Status of Redundancy Group 7 changed administrative state: inService, operational state: inService"
MSK-ALM-0110,2026-09-23T22:07:51Z,MASKED-UPF-02,WARNING,SYSTEM #2009,PORT_OR_REDUNDANCY_STATE_CHANGE,L1_TRANSPORT,vprn1407 IP,"Status of vRtrIfTable: router vprn1407 (index 20) interface _tmnx_nat-inside (index 131115) changed administrative state: inService, operational state: inService"
MSK-ALM-0111,2026-09-23T22:07:51Z,MASKED-UPF-02,WARNING,SYSTEM #2009,PORT_OR_REDUNDANCY_STATE_CHANGE,L1_TRANSPORT,Base MOBILE_GATEWAY,"Status of Redundancy Group 4 changed administrative state: inService, operational state: inService"
MSK-ALM-0112,2026-09-23T22:07:51Z,MASKED-UPF-02,WARNING,SYSTEM #2009,PORT_OR_REDUNDANCY_STATE_CHANGE,L1_TRANSPORT,vprn1404 IP,"Status of vRtrIfTable: router vprn1404 (index 17) interface _tmnx_nat-inside (index 131112) changed administrative state: inService, operational state: inService"
MSK-ALM-0113,2026-09-23T22:07:51Z,MASKED-UPF-02,WARNING,SYSTEM #2009,PORT_OR_REDUNDANCY_STATE_CHANGE,L1_TRANSPORT,vprn1402 IP,"Status of vRtrIfTable: router vprn1402 (index 15) interface _tmnx_nat-inside (index 131110) changed administrative state: inService, operational state: inService"
MSK-ALM-0114,2026-09-23T22:07:51Z,MASKED-UPF-02,WARNING,SYSTEM #2009,PORT_OR_REDUNDANCY_STATE_CHANGE,L1_TRANSPORT,Base MOBILE_GATEWAY,"Status of Redundancy Group 2 changed administrative state: inService, operational state: inService"
MSK-ALM-0115,2026-09-23T22:07:52Z,MASKED-UPF-01,MAJOR,MOBILE_GATEWAY #2015,MSCP_GROUP_OPER_STATE_HOT,L2_ROUTING,Base MSCP Group: 5,Group Oper state-hot.
MSK-ALM-0116,2026-09-23T22:07:52Z,MASKED-UPF-01,MAJOR,MOBILE_GATEWAY #2015,MSCP_GROUP_OPER_STATE_HOT,L2_ROUTING,Base MSCP Group: 6,Group Oper state-hot.
MSK-ALM-0117,2026-09-23T22:07:52Z,MASKED-UPF-02,MAJOR,MOBILE_GATEWAY #2016,MSCP_CARD_OPER_STATE_STANDBY,L2_ROUTING,Base MSCP Group/Card: 5/12,Card oper state-standby.
MSK-ALM-0118,2026-09-23T22:07:52Z,MASKED-UPF-02,MAJOR,MOBILE_GATEWAY #2015,MSCP_GROUP_OPER_STATE_HOT,L2_ROUTING,Base MSCP Group: 7,Group Oper state-warm.
MSK-ALM-0119,2026-09-23T22:07:52Z,MASKED-UPF-02,MAJOR,SYSTEM #2011,VRTR_BFD_ROUTE_NOTIFICATION_DROPPED,L4_SERVICE_KPI,Base VRTR,Dropped notification tmnxVRtrBfdSessExtUp for vRtrIfBfdSessExtEntry because of frequencyExceeded
MSK-ALM-0120,2026-09-23T22:07:52Z,MASKED-UPF-02,MAJOR,MOBILE_GATEWAY #2016,MSCP_CARD_OPER_STATE_STANDBY,L2_ROUTING,Base MSCP Group/Card: 7/16,Card oper state-standby.
MSK-ALM-0121,2026-09-23T22:07:52Z,MASKED-UPF-02,MAJOR,MOBILE_GATEWAY #2015,MSCP_GROUP_OPER_STATE_HOT,L2_ROUTING,Base MSCP Group: 6,Group Oper state-warm.
MSK-ALM-0122,2026-09-23T22:07:52Z,MASKED-UPF-02,MAJOR,SVCMGR #2210,ACCESS_PORT_STATE_CHANGE_PROCESSED,L2_ROUTING,Base,Processing of an access port state change event is finished and the status of all affected SAPs on port bbg-6.nat-in-ip has been updated.
MSK-ALM-0123,2026-09-23T22:07:52Z,MASKED-UPF-02,MINOR,NAT #2020,NAT_MDA_ACTIVE_TRANSITION,L3_USER_PLANE,Base NAT,The NAT MDA 13/4 is now active in group 6.
MSK-ALM-0124,2026-09-23T22:07:52Z,MASKED-UPF-02,MINOR,NAT #2025,NAT_GROUP_STATUS_CHECK,L4_SERVICE_KPI,Base NAT,The NAT group 6 is not degraded.
MSK-ALM-0125,2026-09-23T22:07:52Z,MASKED-UPF-02,MINOR,NAT #2024,NAT_GROUP_IN_SERVICE,L3_USER_PLANE,Base NAT,The state of NAT group 6 changed to in-service.
MSK-ALM-0126,2026-09-23T22:07:52Z,MASKED-UPF-02,MAJOR,MOBILE_GATEWAY #2016,MSCP_CARD_OPER_STATE_STANDBY,L2_ROUTING,Base MSCP Group/Card: 6/14,Card oper state-standby.
MSK-ALM-0127,2026-09-23T22:07:52Z,MASKED-UPF-02,MAJOR,MOBILE_GATEWAY #2015,MSCP_GROUP_OPER_STATE_HOT,L2_ROUTING,Base MSCP Group: 6,Group Oper state-cold.
MSK-ALM-0128,2026-09-23T22:07:52Z,MASKED-UPF-02,MAJOR,MOBILE_GATEWAY #2016,MSCP_CARD_OPER_STATE_STANDBY,L2_ROUTING,Base MSCP Group/Card: 6/13,Card oper state-active.
MSK-ALM-0129,2026-09-23T22:07:52Z,MASKED-UPF-02,MAJOR,MOBILE_GATEWAY #2015,MSCP_GROUP_OPER_STATE_HOT,L2_ROUTING,Base MSCP Group: 3,Group Oper state-warm.
MSK-ALM-0130,2026-09-23T22:07:52Z,MASKED-UPF-02,MAJOR,MOBILE_GATEWAY #2016,MSCP_CARD_OPER_STATE_STANDBY,L2_ROUTING,Base MSCP Group/Card: 3/7,Card oper state-standby.
MSK-ALM-0131,2026-09-23T22:07:52Z,MASKED-UPF-02,MAJOR,MOBILE_GATEWAY #2015,MSCP_GROUP_OPER_STATE_HOT,L2_ROUTING,Base MSCP Group: 5,Group Oper state-cold.
MSK-ALM-0132,2026-09-23T22:07:52Z,MASKED-UPF-02,WARNING,SYSTEM #2009,PORT_OR_REDUNDANCY_STATE_CHANGE,L1_TRANSPORT,vprn1406 IP,"Status of vRtrIfTable: router vprn1406 (index 19) interface _tmnx_nat-inside (index 131114) changed administrative state: inService, operational state: inService"
MSK-ALM-0133,2026-09-23T22:07:52Z,MASKED-UPF-02,WARNING,SYSTEM #2009,PORT_OR_REDUNDANCY_STATE_CHANGE,L1_TRANSPORT,Base MOBILE_GATEWAY,"Status of Redundancy Group 6 changed administrative state: inService, operational state: inService"
MSK-ALM-0134,2026-09-23T22:07:52Z,MASKED-UPF-02,WARNING,SYSTEM #2009,PORT_OR_REDUNDANCY_STATE_CHANGE,L1_TRANSPORT,Base MOBILE_GATEWAY,"Status of Redundancy Group 5 changed administrative state: inService, operational state: inService"
MSK-ALM-0135,2026-09-23T22:07:53Z,MASKED-UPF-01,MAJOR,MOBILE_GATEWAY #2015,MSCP_GROUP_OPER_STATE_HOT,L2_ROUTING,Base MSCP Group: 7,Group Oper state-hot.
MSK-ALM-0136,2026-09-23T22:07:53Z,MASKED-UPF-01,MAJOR,MOBILE_GATEWAY #2015,MSCP_GROUP_OPER_STATE_HOT,L2_ROUTING,Base MSCP Group: 8,Group Oper state-hot.
MSK-ALM-0137,2026-09-23T22:07:53Z,MASKED-UPF-01,MAJOR,MOBILE_GATEWAY #2015,MSCP_GROUP_OPER_STATE_HOT,L2_ROUTING,Base MSCP Group: 9,Group Oper state-hot.
MSK-ALM-0138,2026-09-23T22:07:53Z,MASKED-UPF-02,MAJOR,MOBILE_GATEWAY #2015,MSCP_GROUP_OPER_STATE_HOT,L2_ROUTING,Base MSCP Group: 2,Group Oper state-hot.
MSK-ALM-0139,2026-09-23T22:07:53Z,MASKED-UPF-02,MAJOR,MOBILE_GATEWAY #2015,MSCP_GROUP_OPER_STATE_HOT,L2_ROUTING,Base MSCP Group: 1,Group Oper state-hot.
MSK-ALM-0140,2026-09-23T22:07:53Z,MASKED-UPF-02,MAJOR,MOBILE_GATEWAY #2015,MSCP_GROUP_OPER_STATE_HOT,L2_ROUTING,Base MSCP Group: 9,Group Oper state-warm.
MSK-ALM-0141,2026-09-23T22:07:53Z,MASKED-UPF-02,MAJOR,MOBILE_GATEWAY #2016,MSCP_CARD_OPER_STATE_STANDBY,L2_ROUTING,Base MSCP Group/Card: 9/19,Card oper state-standby.
MSK-ALM-0142,2026-09-23T22:07:53Z,MASKED-UPF-02,MAJOR,MOBILE_GATEWAY #2015,MSCP_GROUP_OPER_STATE_HOT,L2_ROUTING,Base MSCP Group: 8,Group Oper state-warm.
MSK-ALM-0143,2026-09-23T22:07:53Z,MASKED-UPF-02,MAJOR,MOBILE_GATEWAY #2016,MSCP_CARD_OPER_STATE_STANDBY,L2_ROUTING,Base MSCP Group/Card: 8/18,Card oper state-standby.
MSK-ALM-0144,2026-09-23T22:07:53Z,MASKED-UPF-02,MAJOR,MOBILE_GATEWAY #2015,MSCP_GROUP_OPER_STATE_HOT,L2_ROUTING,Base MSCP Group: 8,Group Oper state-cold.
MSK-ALM-0145,2026-09-23T22:07:53Z,MASKED-UPF-02,MAJOR,SVCMGR #2210,ACCESS_PORT_STATE_CHANGE_PROCESSED,L2_ROUTING,Base,Processing of an access port state change event is finished and the status of all affected SAPs on port bbg-8.nat-in-ip has been updated.
MSK-ALM-0146,2026-09-23T22:07:53Z,MASKED-UPF-02,MINOR,NAT #2020,NAT_MDA_ACTIVE_TRANSITION,L3_USER_PLANE,Base NAT,The NAT MDA 17/4 is now active in group 8.
MSK-ALM-0147,2026-09-23T22:07:53Z,MASKED-UPF-02,MINOR,NAT #2025,NAT_GROUP_STATUS_CHECK,L4_SERVICE_KPI,Base NAT,The NAT group 8 is not degraded.
MSK-ALM-0148,2026-09-23T22:07:53Z,MASKED-UPF-02,MINOR,NAT #2024,NAT_GROUP_IN_SERVICE,L3_USER_PLANE,Base NAT,The state of NAT group 8 changed to in-service.
MSK-ALM-0149,2026-09-23T22:07:53Z,MASKED-UPF-02,MAJOR,MOBILE_GATEWAY #2016,MSCP_CARD_OPER_STATE_STANDBY,L2_ROUTING,Base MSCP Group/Card: 8/17,Card oper state-active.
MSK-ALM-0150,2026-09-23T22:07:53Z,MASKED-UPF-02,MAJOR,MOBILE_GATEWAY #2015,MSCP_GROUP_OPER_STATE_HOT,L2_ROUTING,Base MSCP Group: 5,Group Oper state-warm.
MSK-ALM-0151,2026-09-23T22:07:53Z,MASKED-UPF-02,WARNING,SYSTEM #2009,PORT_OR_REDUNDANCY_STATE_CHANGE,L1_TRANSPORT,Base MOBILE_GATEWAY,"Status of Redundancy Group 8 changed administrative state: inService, operational state: inService"
MSK-ALM-0152,2026-09-23T22:07:53Z,MASKED-UPF-02,WARNING,SYSTEM #2009,PORT_OR_REDUNDANCY_STATE_CHANGE,L1_TRANSPORT,vprn1408 IP,"Status of vRtrIfTable: router vprn1408 (index 21) interface _tmnx_nat-inside (index 131116) changed administrative state: inService, operational state: inService"
MSK-ALM-0153,2026-09-23T22:07:54Z,MASKED-UPF-01,MAJOR,MOBILE_GATEWAY #2015,MSCP_GROUP_OPER_STATE_HOT,L2_ROUTING,Base MSCP Group: 4,Group Oper state-hot.
MSK-ALM-0154,2026-09-23T22:07:54Z,MASKED-UPF-02,MAJOR,MOBILE_GATEWAY #2015,MSCP_GROUP_OPER_STATE_HOT,L2_ROUTING,Base MSCP Group: 8,Group Oper state-hot.
MSK-ALM-0155,2026-09-23T22:07:54Z,MASKED-UPF-02,MAJOR,MOBILE_GATEWAY #2015,MSCP_GROUP_OPER_STATE_HOT,L2_ROUTING,Base MSCP Group: 5,Group Oper state-hot.
MSK-ALM-0156,2026-09-23T22:07:54Z,MASKED-UPF-02,MAJOR,MOBILE_GATEWAY #2015,MSCP_GROUP_OPER_STATE_HOT,L2_ROUTING,Base MSCP Group: 7,Group Oper state-hot.
MSK-ALM-0157,2026-09-23T22:07:54Z,MASKED-UPF-02,MAJOR,MOBILE_GATEWAY #2015,MSCP_GROUP_OPER_STATE_HOT,L2_ROUTING,Base MSCP Group: 4,Group Oper state-hot.
MSK-ALM-0158,2026-09-23T22:07:54Z,MASKED-UPF-02,MAJOR,MOBILE_GATEWAY #2015,MSCP_GROUP_OPER_STATE_HOT,L2_ROUTING,Base MSCP Group: 6,Group Oper state-hot.
MSK-ALM-0159,2026-09-23T22:07:54Z,MASKED-UPF-02,MAJOR,MOBILE_GATEWAY #2015,MSCP_GROUP_OPER_STATE_HOT,L2_ROUTING,Base MSCP Group: 3,Group Oper state-hot.
MSK-ALM-0160,2026-09-23T22:07:55Z,MASKED-UPF-02,MAJOR,MOBILE_GATEWAY #2015,MSCP_GROUP_OPER_STATE_HOT,L2_ROUTING,Base MSCP Group: 9,Group Oper state-hot.
MSK-ALM-0161,2026-09-23T22:07:59Z,MASKED-UPF-01,WARNING,SYSTEM #2014,EVENT_SYSTEM_#2014,L4_SERVICE_KPI,Base,Boot environment files have been successfully synchronized
MSK-ALM-0162,2026-09-23T22:08:04Z,MASKED-UPF-02,WARNING,SYSTEM #2014,EVENT_SYSTEM_#2014,L4_SERVICE_KPI,Base,Boot environment files have been successfully synchronized
MSK-ALM-0163,2026-09-23T22:08:06Z,MASKED-UPF-01,MINOR,BGP #2038,EVENT_BGP_#2038,L4_SERVICE_KPI,vprn200 Peer 13: <MASKED-IP>,(ASN <MASKED-ASN>) VR 13: Group lb: Peer <MASKED-IP>: moved into established state
MSK-ALM-0164,2026-09-23T22:08:06Z,MASKED-UPF-01,MINOR,BGP #2038,EVENT_BGP_#2038,L4_SERVICE_KPI,vprn1300 Peer 33: <MASKED-IP>,(ASN <MASKED-ASN>) VR 33: Group lb: Peer <MASKED-IP>: moved into established state
MSK-ALM-0165,2026-09-23T22:08:06Z,MASKED-UPF-01,MINOR,BGP #2019,EVENT_BGP_#2019,L4_SERVICE_KPI,vprn1300 Peer 33: <MASKED-IPV6>,(ASN <MASKED-ASN>) VR 33: Group lb_ipv6: Peer <MASKED-IPV6>: moved into established state
MSK-ALM-0166,2026-09-23T22:08:06Z,MASKED-UPF-01,MINOR,BGP #2019,EVENT_BGP_#2019,L4_SERVICE_KPI,vprn100 Peer 3: <MASKED-IPV6>,(ASN <MASKED-ASN>) VR 3: Group lb_ipv6: Peer <MASKED-IPV6>: moved into established state
MSK-ALM-0167,2026-09-23T22:08:06Z,MASKED-UPF-01,MINOR,BGP #2038,EVENT_BGP_#2038,L4_SERVICE_KPI,vprn100 Peer 3: <MASKED-IP>,(ASN <MASKED-ASN>) VR 3: Group lb: Peer <MASKED-IP>: moved into established state
MSK-ALM-0168,2026-09-23T22:08:06Z,MASKED-UPF-01,MINOR,BGP #2019,EVENT_BGP_#2019,L4_SERVICE_KPI,vprn300 Peer 23: <MASKED-IPV6>,(ASN <MASKED-ASN>) VR 23: Group lb_ipv6: Peer <MASKED-IPV6>: moved into established state
MSK-ALM-0169,2026-09-23T22:08:06Z,MASKED-UPF-01,MINOR,BGP #2038,EVENT_BGP_#2038,L4_SERVICE_KPI,vprn300 Peer 23: <MASKED-IP>,(ASN <MASKED-ASN>) VR 23: Group lb: Peer <MASKED-IP>: moved into established state
MSK-ALM-0170,2026-09-23T22:08:08Z,MASKED-UPF-02,MINOR,BGP #2019,EVENT_BGP_#2019,L4_SERVICE_KPI,vprn1000 Peer 3: <MASKED-IPV6>,(ASN <MASKED-ASN>) VR 3: Group lb_ipv6: Peer <MASKED-IPV6>: moved into established state
MSK-ALM-0171,2026-09-23T22:08:08Z,MASKED-UPF-02,MINOR,BGP #2019,EVENT_BGP_#2019,L4_SERVICE_KPI,vprn1400 Peer 13: <MASKED-IPV6>,(ASN <MASKED-ASN>) VR 13: Group lb_ipv6: Peer <MASKED-IPV6>: moved into established state
MSK-ALM-0172,2026-09-23T22:08:08Z,MASKED-UPF-02,MINOR,BGP #2038,EVENT_BGP_#2038,L4_SERVICE_KPI,vprn1000 Peer 3: <MASKED-IP>,(ASN <MASKED-ASN>) VR 3: Group lb: Peer <MASKED-IP>: moved into established state
MSK-ALM-0173,2026-09-23T22:08:08Z,MASKED-UPF-02,MINOR,BGP #2038,EVENT_BGP_#2038,L4_SERVICE_KPI,vprn1400 Peer 13: <MASKED-IP>,(ASN <MASKED-ASN>) VR 13: Group lb: Peer <MASKED-IP>: moved into established state
MSK-ALM-0174,2026-09-23T22:08:08Z,MASKED-UPF-02,MINOR,BGP #2019,EVENT_BGP_#2019,L4_SERVICE_KPI,vprn3000 Peer 33: <MASKED-IPV6>,(ASN <MASKED-ASN>) VR 33: Group lb_ipv6: Peer <MASKED-IPV6>: moved into established state
MSK-ALM-0175,2026-09-23T22:08:08Z,MASKED-UPF-02,MINOR,BGP #2038,EVENT_BGP_#2038,L4_SERVICE_KPI,vprn2000 Peer 23: <MASKED-IP>,(ASN <MASKED-ASN>) VR 23: Group lb: Peer <MASKED-IP>: moved into established state
MSK-ALM-0176,2026-09-23T22:08:08Z,MASKED-UPF-02,MINOR,BGP #2038,EVENT_BGP_#2038,L4_SERVICE_KPI,vprn3000 Peer 33: <MASKED-IP>,(ASN <MASKED-ASN>) VR 33: Group lb: Peer <MASKED-IP>: moved into established state
MSK-ALM-0177,2026-09-23T22:08:17Z,MASKED-UPF-01,MINOR,MOBILE_GATEWAY #2075,EVENT_MOBILE_GATEWAY_#2075,L4_SERVICE_KPI,Base PFCP-ASSOCIATION,Association state changed to up for control Peer MASKED_PLMN.PGW.UP on GW 1 Reference Point sxN4 default (IP Address: <MASKED-IP>). Recovery Time: 3999170261 cp func 0x2 up func {0x0 0x0 0x0 0x0} bbf up func {0x0 0x0 0x0 0x0}
MSK-ALM-0178,2026-09-23T22:08:17Z,MASKED-UPF-02,MINOR,MOBILE_GATEWAY #2075,EVENT_MOBILE_GATEWAY_#2075,L4_SERVICE_KPI,Base PFCP-ASSOCIATION,Association state changed to up for control Peer MASKED_PLMN.PGW.UP on GW 1 Reference Point sxN4 default (IP Address: <MASKED-IP>). Recovery Time: 3999170261 cp func 0x2 up func {0x0 0x0 0x0 0x0} bbf up func {0x0 0x0 0x0 0x0}
MSK-ALM-0179,2026-09-23T22:15:32Z,MASKED-UPF-01,MAJOR,LOGGER #2008,ACCOUNTING_LOG_ROLLOVER,L4_NOISE,Base acct-log-id 1 file-id 13,Log file cf1:\mob-gw\<MASKED-PM-FILE>.xml.gz on compact flash cf1 has been rolled over
MSK-ALM-0180,2026-09-23T22:22:36Z,MASKED-UPF-01,MAJOR,LOGGER #2008,ACCOUNTING_LOG_ROLLOVER,L4_NOISE,Base acct-log-id 6 file-id 66,Log file cf1:\act\<MASKED-ACT-FILE>.xml.gz on compact flash cf1 has been rolled over
MSK-ALM-0181,2026-09-23T22:30:31Z,MASKED-UPF-01,MAJOR,LOGGER #2008,ACCOUNTING_LOG_ROLLOVER,L4_NOISE,Base acct-log-id 1 file-id 13,Log file cf1:\mob-gw\<MASKED-PM-FILE>.xml.gz on compact flash cf1 has been rolled over
MSK-ALM-0182,2026-09-23T22:37:36Z,MASKED-UPF-01,MAJOR,LOGGER #2008,ACCOUNTING_LOG_ROLLOVER,L4_NOISE,Base acct-log-id 6 file-id 66,Log file cf1:\act\<MASKED-ACT-FILE>.xml.gz on compact flash cf1 has been rolled over
MSK-ALM-0183,2026-09-23T22:45:31Z,MASKED-UPF-01,MAJOR,LOGGER #2008,ACCOUNTING_LOG_ROLLOVER,L4_NOISE,Base acct-log-id 1 file-id 13,Log file cf1:\mob-gw\<MASKED-PM-FILE>.xml.gz on compact flash cf1 has been rolled over
MSK-ALM-0184,2026-09-23T22:52:36Z,MASKED-UPF-01,MAJOR,LOGGER #2008,ACCOUNTING_LOG_ROLLOVER,L4_NOISE,Base acct-log-id 6 file-id 66,Log file cf1:\act\<MASKED-ACT-FILE>.xml.gz on compact flash cf1 has been rolled over
MSK-ALM-0185,2026-09-23T23:00:31Z,MASKED-UPF-01,MAJOR,LOGGER #2008,ACCOUNTING_LOG_ROLLOVER,L4_NOISE,Base acct-log-id 1 file-id 13,Log file cf1:\mob-gw\<MASKED-PM-FILE>.xml.gz on compact flash cf1 has been rolled over
MSK-ALM-0186,2026-09-23T23:07:35Z,MASKED-UPF-01,MINOR,LOGGER #2009,ACCOUNTING_LOG_CLEANUP,L4_NOISE,Base acct-log-id 1 file-id 13,Log file cf1:\mob-gw\<MASKED-PM-FILE>.xml.gz on compact flash cf1 has been deleted
MSK-ALM-0187,2026-09-23T23:07:35Z,MASKED-UPF-01,MINOR,LOGGER #2009,ACCOUNTING_LOG_CLEANUP,L4_NOISE,Base acct-log-id 5 file-id 55,Log file cf1:\act\<MASKED-ACT-FILE>.xml.gz on compact flash cf1 has been deleted
MSK-ALM-0188,2026-09-23T23:07:35Z,MASKED-UPF-01,MINOR,LOGGER #2009,ACCOUNTING_LOG_CLEANUP,L4_NOISE,Base acct-log-id 6 file-id 66,Log file cf1:\act\<MASKED-ACT-FILE>.xml.gz on compact flash cf1 has been deleted
MSK-ALM-0189,2026-09-23T23:07:35Z,MASKED-UPF-01,MINOR,LOGGER #2009,ACCOUNTING_LOG_CLEANUP,L4_NOISE,Base acct-log-id 21 file-id 21,Log file cf1:\act\<MASKED-ACT-FILE>.xml.gz on compact flash cf1 has been deleted
MSK-ALM-0190,2026-09-23T23:07:35Z,MASKED-UPF-01,MINOR,LOGGER #2009,ACCOUNTING_LOG_CLEANUP,L4_NOISE,Base acct-log-id 22 file-id 22,Log file cf1:\act\<MASKED-ACT-FILE>.xml.gz on compact flash cf1 has been deleted
MSK-ALM-0191,2026-09-23T23:07:35Z,MASKED-UPF-01,MINOR,LOGGER #2009,ACCOUNTING_LOG_CLEANUP,L4_NOISE,Base acct-log-id 23 file-id 23,Log file cf1:\act\<MASKED-ACT-FILE>.xml.gz on compact flash cf1 has been deleted
MSK-ALM-0192,2026-09-23T23:07:35Z,MASKED-UPF-01,MINOR,LOGGER #2009,ACCOUNTING_LOG_CLEANUP,L4_NOISE,Base acct-log-id 24 file-id 24,Log file cf1:\act\<MASKED-ACT-FILE>.xml.gz on compact flash cf1 has been deleted
MSK-ALM-0193,2026-09-23T23:07:36Z,MASKED-UPF-01,MAJOR,LOGGER #2008,ACCOUNTING_LOG_ROLLOVER,L4_NOISE,Base acct-log-id 22 file-id 22,Log file cf1:\act\<MASKED-ACT-FILE>.xml.gz on compact flash cf1 has been rolled over
MSK-ALM-0194,2026-09-23T23:07:36Z,MASKED-UPF-01,MAJOR,LOGGER #2008,ACCOUNTING_LOG_ROLLOVER,L4_NOISE,Base acct-log-id 23 file-id 23,Log file cf1:\act\<MASKED-ACT-FILE>.xml.gz on compact flash cf1 has been rolled over
MSK-ALM-0195,2026-09-23T23:07:36Z,MASKED-UPF-01,MAJOR,LOGGER #2008,ACCOUNTING_LOG_ROLLOVER,L4_NOISE,Base acct-log-id 6 file-id 66,Log file cf1:\act\<MASKED-ACT-FILE>.xml.gz on compact flash cf1 has been rolled over
MSK-ALM-0196,2026-09-23T23:07:37Z,MASKED-UPF-01,MAJOR,LOGGER #2008,ACCOUNTING_LOG_ROLLOVER,L4_NOISE,Base acct-log-id 24 file-id 24,Log file cf1:\act\<MASKED-ACT-FILE>.xml.gz on compact flash cf1 has been rolled over
MSK-ALM-0197,2026-09-23T23:07:37Z,MASKED-UPF-01,MAJOR,LOGGER #2008,ACCOUNTING_LOG_ROLLOVER,L4_NOISE,Base acct-log-id 5 file-id 55,Log file cf1:\act\<MASKED-ACT-FILE>.xml.gz on compact flash cf1 has been rolled over
MSK-ALM-0198,2026-09-23T23:07:37Z,MASKED-UPF-01,MAJOR,LOGGER #2008,ACCOUNTING_LOG_ROLLOVER,L4_NOISE,Base acct-log-id 21 file-id 21,Log file cf1:\act\<MASKED-ACT-FILE>.xml.gz on compact flash cf1 has been rolled over
MSK-ALM-0199,2026-09-23T23:15:31Z,MASKED-UPF-01,MAJOR,LOGGER #2008,ACCOUNTING_LOG_ROLLOVER,L4_NOISE,Base acct-log-id 1 file-id 13,Log file cf1:\mob-gw\<MASKED-PM-FILE>.xml.gz on compact flash cf1 has been rolled over
MSK-ALM-0200,2026-09-23T23:22:36Z,MASKED-UPF-01,MAJOR,LOGGER #2008,ACCOUNTING_LOG_ROLLOVER,L4_NOISE,Base acct-log-id 6 file-id 66,Log file cf1:\act\<MASKED-ACT-FILE>.xml.gz on compact flash cf1 has been rolled over
MSK-ALM-0201,2026-09-23T23:24:52Z,MASKED-CPF-01,MAJOR,MOBILE_GATEWAY #2016,MSCP_CARD_OPER_STATE_STANDBY,L2_ROUTING,Base MSCP Group/Card: 5/12,Card oper state-standby.
MSK-ALM-0202,2026-09-23T23:24:52Z,MASKED-CPF-01,MAJOR,MOBILE_GATEWAY #2015,MSCP_GROUP_OPER_STATE_HOT,L2_ROUTING,Base MSCP Group: 9,Group Oper state-warm.
MSK-ALM-0203,2026-09-23T23:24:52Z,MASKED-CPF-01,MINOR,VRTR #2062,EVENT_VRTR_#2062,L4_SERVICE_KPI,vprn11 <MASKED-IP>,BFD: Local Discriminator 6 BFD session on node <MASKED-IP> is up
MSK-ALM-0204,2026-09-23T23:24:52Z,MASKED-CPF-01,MINOR,VRTR #2064,EVENT_VRTR_#2064,L4_SERVICE_KPI,vprn11 <MASKED-IPV6>,The protocol(STATIC) using BFD session on node <MASKED-IPV6> has been added.
MSK-ALM-0205,2026-09-23T23:24:52Z,MASKED-CPF-01,MINOR,VRTR #2062,EVENT_VRTR_#2062,L4_SERVICE_KPI,Base <MASKED-IP>,BFD: Local Discriminator 2 BFD session on node <MASKED-IP> is up
MSK-ALM-0206,2026-09-23T23:24:52Z,MASKED-CPF-01,MINOR,VRTR #2062,EVENT_VRTR_#2062,L4_SERVICE_KPI,vprn11 <MASKED-IP>,BFD: Local Discriminator 12 BFD session on node <MASKED-IP> is up
MSK-ALM-0207,2026-09-23T23:24:52Z,MASKED-CPF-01,MINOR,VRTR #2062,EVENT_VRTR_#2062,L4_SERVICE_KPI,vprn10 <MASKED-IP>,BFD: Local Discriminator 11 BFD session on node <MASKED-IP> is up
MSK-ALM-0208,2026-09-23T23:24:52Z,MASKED-CPF-01,MINOR,VRTR #2062,EVENT_VRTR_#2062,L4_SERVICE_KPI,vprn11 <MASKED-IP>,BFD: Local Discriminator 9 BFD session on node <MASKED-IP> is up
MSK-ALM-0209,2026-09-23T23:24:52Z,MASKED-CPF-01,MINOR,VRTR #2062,EVENT_VRTR_#2062,L4_SERVICE_KPI,vprn11 <MASKED-IP>,BFD: Local Discriminator 15 BFD session on node <MASKED-IP> is up
MSK-ALM-0210,2026-09-23T23:24:52Z,MASKED-CPF-01,MAJOR,MOBILE_GATEWAY #2016,MSCP_CARD_OPER_STATE_STANDBY,L2_ROUTING,Base MSCP Group/Card: 9/20,Card oper state-standby.
MSK-ALM-0211,2026-09-23T23:24:52Z,MASKED-CPF-01,MAJOR,MOBILE_GATEWAY #2015,MSCP_GROUP_OPER_STATE_HOT,L2_ROUTING,Base MSCP Group: 9,Group Oper state-cold.
MSK-ALM-0212,2026-09-23T23:24:52Z,MASKED-CPF-01,MAJOR,MOBILE_GATEWAY #2016,MSCP_CARD_OPER_STATE_STANDBY,L2_ROUTING,Base MSCP Group/Card: 9/19,Card oper state-active.
MSK-ALM-0213,2026-09-23T23:24:52Z,MASKED-CPF-01,MAJOR,MOBILE_GATEWAY #2015,MSCP_GROUP_OPER_STATE_HOT,L2_ROUTING,Base MSCP Group: 2,Group Oper state-warm.
MSK-ALM-0214,2026-09-23T23:24:52Z,MASKED-CPF-01,MINOR,VRTR #2064,EVENT_VRTR_#2064,L4_SERVICE_KPI,Base <MASKED-IPV6>,The protocol(STATIC) using BFD session on node <MASKED-IPV6> has been added.
MSK-ALM-0215,2026-09-23T23:24:53Z,MASKED-CPF-01,MINOR,VRTR #2062,EVENT_VRTR_#2062,L4_SERVICE_KPI,vprn12 <MASKED-IPV6>,BFD: Local Discriminator 25 BFD session on node <MASKED-IPV6> is up
MSK-ALM-0216,2026-09-23T23:24:53Z,MASKED-CPF-01,MINOR,VRTR #2062,EVENT_VRTR_#2062,L4_SERVICE_KPI,vprn12 <MASKED-IPV6>,BFD: Local Discriminator 24 BFD session on node <MASKED-IPV6> is up
MSK-ALM-0217,2026-09-23T23:24:53Z,MASKED-CPF-01,MINOR,VRTR #2062,EVENT_VRTR_#2062,L4_SERVICE_KPI,vprn11 <MASKED-IPV6>,BFD: Local Discriminator 26 BFD session on node <MASKED-IPV6> is up
MSK-ALM-0218,2026-09-23T23:24:53Z,MASKED-CPF-01,MINOR,VRTR #2062,EVENT_VRTR_#2062,L4_SERVICE_KPI,vprn11 <MASKED-IPV6>,BFD: Local Discriminator 27 BFD session on node <MASKED-IPV6> is up
MSK-ALM-0219,2026-09-23T23:24:53Z,MASKED-CPF-01,MINOR,VRTR #2064,EVENT_VRTR_#2064,L4_SERVICE_KPI,Base <MASKED-IPV6>,The protocol(STATIC) using BFD session on node <MASKED-IPV6> has been added.
MSK-ALM-0220,2026-09-23T23:24:53Z,MASKED-CPF-01,MAJOR,MOBILE_GATEWAY #2016,MSCP_CARD_OPER_STATE_STANDBY,L2_ROUTING,Base MSCP Group/Card: 4/10,Card oper state-standby.
MSK-ALM-0221,2026-09-23T23:24:53Z,MASKED-CPF-01,MAJOR,MOBILE_GATEWAY #2015,MSCP_GROUP_OPER_STATE_HOT,L2_ROUTING,Base MSCP Group: 8,Group Oper state-warm.
MSK-ALM-0222,2026-09-23T23:24:53Z,MASKED-CPF-01,MINOR,VRTR #2062,EVENT_VRTR_#2062,L4_SERVICE_KPI,vprn10 <MASKED-IPV6>,BFD: Local Discriminator 20 BFD session on node <MASKED-IPV6> is up
MSK-ALM-0223,2026-09-23T23:24:53Z,MASKED-CPF-01,MINOR,VRTR #2062,EVENT_VRTR_#2062,L4_SERVICE_KPI,vprn12 <MASKED-IPV6>,BFD: Local Discriminator 30 BFD session on node <MASKED-IPV6> is up
MSK-ALM-0224,2026-09-23T23:24:53Z,MASKED-CPF-01,MINOR,VRTR #2062,EVENT_VRTR_#2062,L4_SERVICE_KPI,Base <MASKED-IPV6>,BFD: Local Discriminator 28 BFD session on node <MASKED-IPV6> is up
MSK-ALM-0225,2026-09-23T23:24:53Z,MASKED-CPF-01,MINOR,VRTR #2064,EVENT_VRTR_#2064,L4_SERVICE_KPI,vprn12 <MASKED-IPV6>,The protocol(STATIC) using BFD session on node <MASKED-IPV6> has been added.
MSK-ALM-0226,2026-09-23T23:24:53Z,MASKED-CPF-01,MAJOR,MOBILE_GATEWAY #2016,MSCP_CARD_OPER_STATE_STANDBY,L2_ROUTING,Base MSCP Group/Card: 8/18,Card oper state-standby.
MSK-ALM-0227,2026-09-23T23:24:53Z,MASKED-CPF-01,MAJOR,MOBILE_GATEWAY #2015,MSCP_GROUP_OPER_STATE_HOT,L2_ROUTING,Base MSCP Group: 8,Group Oper state-cold.
MSK-ALM-0228,2026-09-23T23:24:53Z,MASKED-CPF-01,MAJOR,MOBILE_GATEWAY #2016,MSCP_CARD_OPER_STATE_STANDBY,L2_ROUTING,Base MSCP Group/Card: 8/17,Card oper state-active.
MSK-ALM-0229,2026-09-23T23:24:53Z,MASKED-CPF-01,MAJOR,MOBILE_GATEWAY #2015,MSCP_GROUP_OPER_STATE_HOT,L2_ROUTING,Base MSCP Group: 4,Group Oper state-cold.
MSK-ALM-0230,2026-09-23T23:24:53Z,MASKED-CPF-01,MAJOR,MOBILE_GATEWAY #2016,MSCP_CARD_OPER_STATE_STANDBY,L2_ROUTING,Base MSCP Group/Card: 4/9,Card oper state-active.
MSK-ALM-0231,2026-09-23T23:24:53Z,MASKED-CPF-01,MINOR,VRTR #2064,EVENT_VRTR_#2064,L4_SERVICE_KPI,vprn11 <MASKED-IPV6>,The protocol(STATIC) using BFD session on node <MASKED-IPV6> has been added.
MSK-ALM-0232,2026-09-23T23:24:53Z,MASKED-CPF-01,MAJOR,MOBILE_GATEWAY #2015,MSCP_GROUP_OPER_STATE_HOT,L2_ROUTING,Base MSCP Group: 3,Group Oper state-warm.
MSK-ALM-0233,2026-09-23T23:24:53Z,MASKED-CPF-01,MINOR,VRTR #2062,EVENT_VRTR_#2062,L4_SERVICE_KPI,vprn10 <MASKED-IPV6>,BFD: Local Discriminator 21 BFD session on node <MASKED-IPV6> is up
MSK-ALM-0234,2026-09-23T23:24:53Z,MASKED-CPF-01,MINOR,VRTR #2062,EVENT_VRTR_#2062,L4_SERVICE_KPI,Base <MASKED-IPV6>,BFD: Local Discriminator 19 BFD session on node <MASKED-IPV6> is up
MSK-ALM-0235,2026-09-23T23:24:53Z,MASKED-CPF-01,MINOR,VRTR #2062,EVENT_VRTR_#2062,L4_SERVICE_KPI,vprn10 <MASKED-IPV6>,BFD: Local Discriminator 23 BFD session on node <MASKED-IPV6> is up
MSK-ALM-0236,2026-09-23T23:24:53Z,MASKED-CPF-01,MAJOR,MOBILE_GATEWAY #2016,MSCP_CARD_OPER_STATE_STANDBY,L2_ROUTING,Base MSCP Group/Card: 3/8,Card oper state-standby.
MSK-ALM-0237,2026-09-23T23:24:53Z,MASKED-CPF-01,MAJOR,MOBILE_GATEWAY #2015,MSCP_GROUP_OPER_STATE_HOT,L2_ROUTING,Base MSCP Group: 5,Group Oper state-warm.
MSK-ALM-0238,2026-09-23T23:24:53Z,MASKED-CPF-01,MINOR,VRTR #2062,EVENT_VRTR_#2062,L4_SERVICE_KPI,Base <MASKED-IPV6>,BFD: Local Discriminator 17 BFD session on node <MASKED-IPV6> is up
MSK-ALM-0239,2026-09-23T23:24:53Z,MASKED-CPF-01,MINOR,VRTR #2064,EVENT_VRTR_#2064,L4_SERVICE_KPI,vprn10 <MASKED-IPV6>,The protocol(STATIC) using BFD session on node <MASKED-IPV6> has been added.
MSK-ALM-0240,2026-09-23T23:24:53Z,MASKED-CPF-01,MINOR,VRTR #2062,EVENT_VRTR_#2062,L4_SERVICE_KPI,vprn11 <MASKED-IPV6>,BFD: Local Discriminator 18 BFD session on node <MASKED-IPV6> is up
MSK-ALM-0241,2026-09-23T23:24:53Z,MASKED-CPF-01,MINOR,VRTR #2062,EVENT_VRTR_#2062,L4_SERVICE_KPI,vprn10 <MASKED-IP>,BFD: Local Discriminator 8 BFD session on node <MASKED-IP> is up
MSK-ALM-0242,2026-09-23T23:24:54Z,MASKED-CPF-01,MAJOR,MOBILE_GATEWAY #2015,MSCP_GROUP_OPER_STATE_HOT,L2_ROUTING,Base MSCP Group: 9,Group Oper state-hot.
MSK-ALM-0243,2026-09-23T23:24:54Z,MASKED-CPF-01,MAJOR,MOBILE_GATEWAY #2015,MSCP_GROUP_OPER_STATE_HOT,L2_ROUTING,Base MSCP Group: 2,Group Oper state-hot.
MSK-ALM-0244,2026-09-23T23:24:54Z,MASKED-CPF-01,MAJOR,MOBILE_GATEWAY #2015,MSCP_GROUP_OPER_STATE_HOT,L2_ROUTING,Base MSCP Group: 1,Group Oper state-warm.
MSK-ALM-0245,2026-09-23T23:24:54Z,MASKED-CPF-01,MAJOR,MOBILE_GATEWAY #2016,MSCP_CARD_OPER_STATE_STANDBY,L2_ROUTING,Base MSCP Group/Card: 1/4,Card oper state-standby.
MSK-ALM-0246,2026-09-23T23:24:54Z,MASKED-CPF-01,MAJOR,MOBILE_GATEWAY #2015,MSCP_GROUP_OPER_STATE_HOT,L2_ROUTING,Base MSCP Group: 1,Group Oper state-cold.
MSK-ALM-0247,2026-09-23T23:24:54Z,MASKED-CPF-01,MAJOR,MOBILE_GATEWAY #2016,MSCP_CARD_OPER_STATE_STANDBY,L2_ROUTING,Base MSCP Group/Card: 1/3,Card oper state-active.
MSK-ALM-0248,2026-09-23T23:24:54Z,MASKED-CPF-01,MAJOR,MOBILE_GATEWAY #2015,MSCP_GROUP_OPER_STATE_HOT,L2_ROUTING,Base MSCP Group: 6,Group Oper state-warm.
MSK-ALM-0249,2026-09-23T23:24:54Z,MASKED-CPF-01,MINOR,VRTR #2062,EVENT_VRTR_#2062,L4_SERVICE_KPI,Base <MASKED-IPV6>,BFD: Local Discriminator 32 BFD session on node <MASKED-IPV6> is up
MSK-ALM-0250,2026-09-23T23:24:54Z,MASKED-CPF-01,MAJOR,MOBILE_GATEWAY #2016,MSCP_CARD_OPER_STATE_STANDBY,L2_ROUTING,Base MSCP Group/Card: 6/14,Card oper state-standby.
MSK-ALM-0251,2026-09-23T23:24:54Z,MASKED-CPF-01,MAJOR,MOBILE_GATEWAY #2015,MSCP_GROUP_OPER_STATE_HOT,L2_ROUTING,Base MSCP Group: 6,Group Oper state-cold.
MSK-ALM-0252,2026-09-23T23:24:54Z,MASKED-CPF-01,MAJOR,MOBILE_GATEWAY #2016,MSCP_CARD_OPER_STATE_STANDBY,L2_ROUTING,Base MSCP Group/Card: 6/13,Card oper state-active.
MSK-ALM-0253,2026-09-23T23:24:54Z,MASKED-CPF-01,MAJOR,MOBILE_GATEWAY #2015,MSCP_GROUP_OPER_STATE_HOT,L2_ROUTING,Base MSCP Group: 7,Group Oper state-warm.
MSK-ALM-0254,2026-09-23T23:24:54Z,MASKED-CPF-01,MINOR,VRTR #2062,EVENT_VRTR_#2062,L4_SERVICE_KPI,vprn12 <MASKED-IPV6>,BFD: Local Discriminator 31 BFD session on node <MASKED-IPV6> is up
MSK-ALM-0255,2026-09-23T23:24:54Z,MASKED-CPF-01,MINOR,VRTR #2062,EVENT_VRTR_#2062,L4_SERVICE_KPI,vprn11 <MASKED-IPV6>,BFD: Local Discriminator 29 BFD session on node <MASKED-IPV6> is up
MSK-ALM-0256,2026-09-23T23:24:54Z,MASKED-CPF-01,MINOR,VRTR #2062,EVENT_VRTR_#2062,L4_SERVICE_KPI,vprn10 <MASKED-IPV6>,BFD: Local Discriminator 22 BFD session on node <MASKED-IPV6> is up
MSK-ALM-0257,2026-09-23T23:24:54Z,MASKED-CPF-01,MAJOR,MOBILE_GATEWAY #2016,MSCP_CARD_OPER_STATE_STANDBY,L2_ROUTING,Base MSCP Group/Card: 7/16,Card oper state-standby.
MSK-ALM-0258,2026-09-23T23:24:54Z,MASKED-CPF-01,MAJOR,MOBILE_GATEWAY #2015,MSCP_GROUP_OPER_STATE_HOT,L2_ROUTING,Base MSCP Group: 7,Group Oper state-cold.
MSK-ALM-0259,2026-09-23T23:24:54Z,MASKED-CPF-01,MAJOR,MOBILE_GATEWAY #2016,MSCP_CARD_OPER_STATE_STANDBY,L2_ROUTING,Base MSCP Group/Card: 7/15,Card oper state-active.
MSK-ALM-0260,2026-09-23T23:24:54Z,MASKED-CPF-01,MAJOR,MOBILE_GATEWAY #2015,MSCP_GROUP_OPER_STATE_HOT,L2_ROUTING,Base MSCP Group: 4,Group Oper state-warm.
MSK-ALM-0261,2026-09-23T23:24:55Z,MASKED-CPF-01,MAJOR,MOBILE_GATEWAY #2015,MSCP_GROUP_OPER_STATE_HOT,L2_ROUTING,Base MSCP Group: 4,Group Oper state-hot.
MSK-ALM-0262,2026-09-23T23:24:55Z,MASKED-CPF-01,MAJOR,MOBILE_GATEWAY #2015,MSCP_GROUP_OPER_STATE_HOT,L2_ROUTING,Base MSCP Group: 8,Group Oper state-hot.
MSK-ALM-0263,2026-09-23T23:24:55Z,MASKED-CPF-01,MAJOR,MOBILE_GATEWAY #2015,MSCP_GROUP_OPER_STATE_HOT,L2_ROUTING,Base MSCP Group: 3,Group Oper state-hot.
MSK-ALM-0264,2026-09-23T23:24:56Z,MASKED-CPF-01,MAJOR,MOBILE_GATEWAY #2015,MSCP_GROUP_OPER_STATE_HOT,L2_ROUTING,Base MSCP Group: 1,Group Oper state-hot.
MSK-ALM-0265,2026-09-23T23:24:56Z,MASKED-CPF-01,MAJOR,MOBILE_GATEWAY #2015,MSCP_GROUP_OPER_STATE_HOT,L2_ROUTING,Base MSCP Group: 6,Group Oper state-hot.
MSK-ALM-0266,2026-09-23T23:24:56Z,MASKED-CPF-01,MAJOR,MOBILE_GATEWAY #2015,MSCP_GROUP_OPER_STATE_HOT,L2_ROUTING,Base MSCP Group: 5,Group Oper state-hot.
MSK-ALM-0267,2026-09-23T23:24:56Z,MASKED-CPF-01,MAJOR,MOBILE_GATEWAY #2015,MSCP_GROUP_OPER_STATE_HOT,L2_ROUTING,Base MSCP Group: 7,Group Oper state-hot.
MSK-ALM-0268,2026-09-23T23:24:57Z,MASKED-CPF-01,WARNING,MOBILE_GATEWAY #2002,DIAMETER_PEER_PATH_CHANGE,L3_CONTROL_PLANE,vprn10 DCM-GX,"Diameter Application: Peer State: pathPartialUp: Gw-1, Ref point-gx, peer name-MASKED_PEER_PCRF_GX, peer index-0, peer address-<MASKED-IP>, port-3868, reason - peerActive"
MSK-ALM-0269,2026-09-23T23:24:57Z,MASKED-CPF-01,WARNING,MOBILE_GATEWAY #2032,DIAMETER_GY_PEER_STATE_CHANGE,L3_CONTROL_PLANE,vprn10 DCM-GX,"Diameter Application: Peer State: pathUp: Gw-1, Ref point-gx, System Group - 3, peer name-MASKED_PEER_PCRF_GX, peer index-0, peer address-<MASKED-IP>, port-3868, reason - peerActive"
MSK-ALM-0270,2026-09-23T23:25:00Z,MASKED-CPF-01,WARNING,MOBILE_GATEWAY #2032,DIAMETER_GY_PEER_STATE_CHANGE,L3_CONTROL_PLANE,vprn11 DCM-RO,"Diameter Application: Peer State: pathUp: Gw-1, Ref point-gy, System Group - 5, peer name-MASKED_PEER_GY, peer index-3, peer address-<MASKED-IP>, port-3868, reason - peerActive"
MSK-ALM-0271,2026-09-23T23:25:00Z,MASKED-CPF-01,WARNING,MOBILE_GATEWAY #2032,DIAMETER_GY_PEER_STATE_CHANGE,L3_CONTROL_PLANE,vprn10 DCM-GX,"Diameter Application: Peer State: pathUp: Gw-1, Ref point-gx, System Group - 2, peer name-MASKED_PEER_PCRF_GX, peer index-0, peer address-<MASKED-IP>, port-3868, reason - peerActive"
MSK-ALM-0272,2026-09-23T23:25:00Z,MASKED-CPF-01,WARNING,MOBILE_GATEWAY #2002,DIAMETER_PEER_PATH_CHANGE,L3_CONTROL_PLANE,vprn11 DCM-RO,"Diameter Application: Peer State: pathPartialUp: Gw-1, Ref point-gy, peer name-MASKED_DIAMETER_PEER, peer index-0, peer address-<MASKED-IP>, port-3868, reason - peerActive"
MSK-ALM-0273,2026-09-23T23:25:03Z,MASKED-CPF-01,WARNING,MOBILE_GATEWAY #2032,DIAMETER_GY_PEER_STATE_CHANGE,L3_CONTROL_PLANE,vprn11 DCM-RO,"Diameter Application: Peer State: pathUp: Gw-1, Ref point-gy, System Group - 9, peer name-MASKED_DIAMETER_PEER, peer index-0, peer address-<MASKED-IP>, port-3868, reason - peerActive"
MSK-ALM-0274,2026-09-23T23:25:03Z,MASKED-CPF-01,WARNING,MOBILE_GATEWAY #2032,DIAMETER_GY_PEER_STATE_CHANGE,L3_CONTROL_PLANE,vprn10 DCM-GX,"Diameter Application: Peer State: pathUp: Gw-1, Ref point-gx, System Group - 9, peer name-MASKED_PEER_PCRF_GX, peer index-0, peer address-<MASKED-IP>, port-3868, reason - peerActive"
MSK-ALM-0275,2026-09-23T23:25:03Z,MASKED-CPF-01,WARNING,MOBILE_GATEWAY #2002,DIAMETER_PEER_PATH_CHANGE,L3_CONTROL_PLANE,vprn10 DCM-GX,"Diameter Application: Peer State: pathPartialUp: Gw-1, Ref point-gx, peer name-MASKED_PEER_GX, peer index-0, peer address-<MASKED-IP>, port-3889, reason - peerActive"
MSK-ALM-0276,2026-09-23T23:25:03Z,MASKED-CPF-01,WARNING,MOBILE_GATEWAY #2002,DIAMETER_PEER_PATH_CHANGE,L3_CONTROL_PLANE,vprn11 DCM-RO,"Diameter Application: Peer State: pathPartialUp: Gw-1, Ref point-gy, peer name-MASKED_PEER_GY, peer index-0, peer address-<MASKED-IP>, port-3868, reason - peerActive"
MSK-ALM-0277,2026-09-23T23:25:07Z,MASKED-CPF-01,WARNING,MOBILE_GATEWAY #2032,DIAMETER_GY_PEER_STATE_CHANGE,L3_CONTROL_PLANE,vprn11 DCM-RO,"Diameter Application: Peer State: pathUp: Gw-1, Ref point-gy, System Group - 4, peer name-MASKED_PEER_GY, peer index-3, peer address-<MASKED-IP>, port-3868, reason - peerActive"
MSK-ALM-0278,2026-09-23T23:25:07Z,MASKED-CPF-01,WARNING,MOBILE_GATEWAY #2032,DIAMETER_GY_PEER_STATE_CHANGE,L3_CONTROL_PLANE,vprn10 DCM-GX,"Diameter Application: Peer State: pathUp: Gw-1, Ref point-gx, System Group - 4, peer name-MASKED_PEER_PCRF_GX, peer index-0, peer address-<MASKED-IP>, port-3868, reason - peerActive"
MSK-ALM-0279,2026-09-23T23:25:10Z,MASKED-CPF-01,WARNING,MOBILE_GATEWAY #2032,DIAMETER_GY_PEER_STATE_CHANGE,L3_CONTROL_PLANE,vprn11 DCM-RO,"Diameter Application: Peer State: pathUp: Gw-1, Ref point-gy, System Group - 8, peer name-MASKED_DIAMETER_PEER, peer index-0, peer address-<MASKED-IP>, port-3868, reason - peerActive"
MSK-ALM-0280,2026-09-23T23:25:10Z,MASKED-CPF-01,WARNING,MOBILE_GATEWAY #2032,DIAMETER_GY_PEER_STATE_CHANGE,L3_CONTROL_PLANE,vprn10 DCM-GX,"Diameter Application: Peer State: pathUp: Gw-1, Ref point-gx, System Group - 8, peer name-MASKED_PEER_PCRF_GX, peer index-0, peer address-<MASKED-IP>, port-3868, reason - peerActive"
MSK-ALM-0281,2026-09-23T23:25:10Z,MASKED-CPF-01,WARNING,MOBILE_GATEWAY #2002,DIAMETER_PEER_PATH_CHANGE,L3_CONTROL_PLANE,vprn11 DCM-RO,"Diameter Application: Peer State: pathPartialUp: Gw-1, Ref point-gy, peer name-MASKED_PEER_GY, peer index-0, peer address-<MASKED-IP>, port-3888, reason - peerActive"
MSK-ALM-0282,2026-09-23T23:25:14Z,MASKED-CPF-01,WARNING,MOBILE_GATEWAY #2032,DIAMETER_GY_PEER_STATE_CHANGE,L3_CONTROL_PLANE,vprn11 DCM-RO,"Diameter Application: Peer State: pathUp: Gw-1, Ref point-gy, System Group - 7, peer name-MASKED_PEER_GY, peer index-1, peer address-<MASKED-IP>, port-3868, reason - peerActive"
MSK-ALM-0283,2026-09-23T23:25:14Z,MASKED-CPF-01,WARNING,MOBILE_GATEWAY #2002,DIAMETER_PEER_PATH_CHANGE,L3_CONTROL_PLANE,vprn10 DCM-S6B,"Diameter Application: Peer State: pathPartialUp: Gw-1, Ref point-s6b, peer name-MASKED_PEER_S6B, peer index-0, peer address-<MASKED-IP>, port-3887, reason - peerActive"
MSK-ALM-0284,2026-09-23T23:25:14Z,MASKED-CPF-01,WARNING,MOBILE_GATEWAY #2032,DIAMETER_GY_PEER_STATE_CHANGE,L3_CONTROL_PLANE,vprn10 DCM-S6B,"Diameter Application: Peer State: pathUp: Gw-1, Ref point-s6b, System Group - 7, peer name-MASKED_PEER_S6B, peer index-0, peer address-<MASKED-IP>, port-3887, reason - peerActive"
MSK-ALM-0285,2026-09-23T23:25:14Z,MASKED-CPF-01,WARNING,MOBILE_GATEWAY #2032,DIAMETER_GY_PEER_STATE_CHANGE,L3_CONTROL_PLANE,vprn10 DCM-GX,"Diameter Application: Peer State: pathUp: Gw-1, Ref point-gx, System Group - 7, peer name-MASKED_PEER_PCRF_GX, peer index-0, peer address-<MASKED-IP>, port-3868, reason - peerActive"
MSK-ALM-0286,2026-09-23T23:25:14Z,MASKED-CPF-01,MINOR,VRTR #2064,EVENT_VRTR_#2064,L4_SERVICE_KPI,vprn100 <MASKED-IPV6>,The protocol(BGP) using BFD session on node <MASKED-IPV6> has been added.
MSK-ALM-0287,2026-09-23T23:25:14Z,MASKED-CPF-01,MINOR,BGP #2019,EVENT_BGP_#2019,L4_SERVICE_KPI,vprn100 Peer 5: <MASKED-IPV6>,(ASN <MASKED-ASN>) VR 5: Group lb_ipv6: Peer <MASKED-IPV6>: moved into established state
MSK-ALM-0288,2026-09-23T23:25:14Z,MASKED-CPF-01,MINOR,VRTR #2064,EVENT_VRTR_#2064,L4_SERVICE_KPI,vprn100 <MASKED-IP>,The protocol(BGP) using BFD session on node <MASKED-IP> has been added.
MSK-ALM-0289,2026-09-23T23:25:14Z,MASKED-CPF-01,MINOR,BGP #2038,EVENT_BGP_#2038,L4_SERVICE_KPI,vprn100 Peer 5: <MASKED-IP>,(ASN <MASKED-ASN>) VR 5: Group lb: Peer <MASKED-IP>: moved into established state
MSK-ALM-0290,2026-09-23T23:25:14Z,MASKED-CPF-01,WARNING,SYSTEM #2014,EVENT_SYSTEM_#2014,L4_SERVICE_KPI,Base,Boot environment files have been successfully synchronized
MSK-ALM-0291,2026-09-23T23:25:15Z,MASKED-CPF-01,MINOR,VRTR #2062,EVENT_VRTR_#2062,L4_SERVICE_KPI,vprn100 <MASKED-IPV6>,BFD: Local Discriminator 40 BFD session on node <MASKED-IPV6> is up
MSK-ALM-0292,2026-09-23T23:25:15Z,MASKED-CPF-01,MINOR,VRTR #2062,EVENT_VRTR_#2062,L4_SERVICE_KPI,vprn100 <MASKED-IP>,BFD: Local Discriminator 34 BFD session on node <MASKED-IP> is up
MSK-ALM-0293,2026-09-23T23:25:15Z,MASKED-CPF-01,MINOR,VRTR #2062,EVENT_VRTR_#2062,L4_SERVICE_KPI,vprn100 <MASKED-IPV6>,BFD: Local Discriminator 36 BFD session on node <MASKED-IPV6> is up
MSK-ALM-0294,2026-09-23T23:25:15Z,MASKED-CPF-01,MINOR,VRTR #2062,EVENT_VRTR_#2062,L4_SERVICE_KPI,vprn100 <MASKED-IPV6>,BFD: Local Discriminator 37 BFD session on node <MASKED-IPV6> is up
MSK-ALM-0295,2026-09-23T23:25:15Z,MASKED-CPF-01,MINOR,VRTR #2062,EVENT_VRTR_#2062,L4_SERVICE_KPI,vprn100 <MASKED-IP>,BFD: Local Discriminator 35 BFD session on node <MASKED-IP> is up
MSK-ALM-0296,2026-09-23T23:25:15Z,MASKED-CPF-01,MINOR,VRTR #2062,EVENT_VRTR_#2062,L4_SERVICE_KPI,vprn100 <MASKED-IP>,BFD: Local Discriminator 38 BFD session on node <MASKED-IP> is up
MSK-ALM-0297,2026-09-23T23:25:15Z,MASKED-CPF-01,MINOR,VRTR #2062,EVENT_VRTR_#2062,L4_SERVICE_KPI,vprn100 <MASKED-IPV6>,BFD: Local Discriminator 39 BFD session on node <MASKED-IPV6> is up
MSK-ALM-0298,2026-09-23T23:25:15Z,MASKED-CPF-01,MINOR,VRTR #2062,EVENT_VRTR_#2062,L4_SERVICE_KPI,vprn100 <MASKED-IP>,BFD: Local Discriminator 33 BFD session on node <MASKED-IP> is up
MSK-ALM-0299,2026-09-23T23:25:16Z,MASKED-CPF-01,WARNING,MOBILE_GATEWAY #2001,GTP_PATH_STATE_IDLE_TRANSITION,L4_SERVICE_KPI,vprn100 CPM-GTP,"Path Management: Peer State: added: Gw-1, Ref point-s5, protocol-gtp, RefPointName-PGW-default,peer-<MASKED-IP>, port-2123, Local address -<MASKED-IP>, Previous Restart Counter-130, Current Restart Counter-130, Peer Restart Reason-unknown, Pkt Seq Number-0, Peer Type-sgw, Plane Type-control."
MSK-ALM-0300,2026-09-23T23:25:17Z,MASKED-CPF-01,WARNING,MOBILE_GATEWAY #2001,GTP_PATH_STATE_IDLE_TRANSITION,L4_SERVICE_KPI,vprn100 CPM-GTP,"Path Management: Peer State: added: Gw-1, Ref point-s5, protocol-gtp, RefPointName-PGW-default,peer-<MASKED-IP>, port-2123, Local address -<MASKED-IP>, Previous Restart Counter-48, Current Restart Counter-48, Peer Restart Reason-unknown, Pkt Seq Number-0, Peer Type-sgw, Plane Type-control."
MSK-ALM-0301,2026-09-23T23:25:17Z,MASKED-CPF-01,WARNING,MOBILE_GATEWAY #2001,GTP_PATH_STATE_IDLE_TRANSITION,L4_SERVICE_KPI,vprn100 CPM-GTP,"Path Management: Peer State: added: Gw-1, Ref point-s2b, protocol-gtp, RefPointName-default,peer-<MASKED-IP>, port-2123, Local address -<MASKED-IP>, Previous Restart Counter-25, Current Restart Counter-25, Peer Restart Reason-unknown, Pkt Seq Number-0, Peer Type-epdg, Plane Type-control."
MSK-ALM-0302,2026-09-23T23:25:18Z,MASKED-CPF-01,WARNING,MOBILE_GATEWAY #2032,DIAMETER_GY_PEER_STATE_CHANGE,L3_CONTROL_PLANE,vprn11 DCM-RO,"Diameter Application: Peer State: pathUp: Gw-1, Ref point-gy, System Group - 7, peer name-MASKED_DIAMETER_PEER, peer index-0, peer address-<MASKED-IP>, port-3868, reason - peerActive"
MSK-ALM-0303,2026-09-23T23:25:18Z,MASKED-CPF-01,WARNING,MOBILE_GATEWAY #2001,GTP_PATH_STATE_IDLE_TRANSITION,L4_SERVICE_KPI,vprn100 CPM-GTP,"Path Management: Peer State: added: Gw-1, Ref point-s5, protocol-gtp, RefPointName-PGW-default,peer-<MASKED-IP>, port-2123, Local address -<MASKED-IP>, Previous Restart Counter-28, Current Restart Counter-28, Peer Restart Reason-unknown, Pkt Seq Number-0, Peer Type-sgw, Plane Type-control."
MSK-ALM-0304,2026-09-23T23:25:19Z,MASKED-CPF-01,MINOR,MOBILE_GATEWAY #2075,EVENT_MOBILE_GATEWAY_#2075,L4_SERVICE_KPI,Base PFCP-ASSOCIATION,Association state changed to up for user Peer MASKED_PLMN.PGW.UP on GW 1 Reference Point sxN4 default (IP Address: <MASKED-IP>). Recovery Time: 3999170257 cp func 0x0 up func {0x6a 0xd4 0xe8 0x0} bbf up func {0x0 0x0 0x0 0x0}
MSK-ALM-0305,2026-09-23T23:25:19Z,MASKED-CPF-01,WARNING,MOBILE_GATEWAY #2001,GTP_PATH_STATE_IDLE_TRANSITION,L4_SERVICE_KPI,vprn100 CPM-GTP,"Path Management: Peer State: added: Gw-1, Ref point-s5, protocol-gtp, RefPointName-PGW-default,peer-<MASKED-IP>, port-2123, Local address -<MASKED-IP>, Previous Restart Counter-6, Current Restart Counter-6, Peer Restart Reason-unknown, Pkt Seq Number-0, Peer Type-sgw, Plane Type-control."
MSK-ALM-0306,2026-09-23T23:25:20Z,MASKED-UPF-01,MINOR,MOBILE_GATEWAY #2075,EVENT_MOBILE_GATEWAY_#2075,L4_SERVICE_KPI,Base PFCP-ASSOCIATION,Association state changed to up for control Peer MASKED_PLMN.PGW.UP on GW 1 Reference Point sxN4 default (IP Address: <MASKED-IP>). Recovery Time: 3999174885 cp func 0x2 up func {0x0 0x0 0x0 0x0} bbf up func {0x0 0x0 0x0 0x0}
MSK-ALM-0307,2026-09-23T23:25:20Z,MASKED-UPF-02,MINOR,MOBILE_GATEWAY #2075,EVENT_MOBILE_GATEWAY_#2075,L4_SERVICE_KPI,Base PFCP-ASSOCIATION,Association state changed to up for control Peer MASKED_PLMN.PGW.UP on GW 1 Reference Point sxN4 default (IP Address: <MASKED-IP>). Recovery Time: 3999174885 cp func 0x2 up func {0x0 0x0 0x0 0x0} bbf up func {0x0 0x0 0x0 0x0}
MSK-ALM-0308,2026-09-23T23:25:22Z,MASKED-CPF-01,MINOR,MOBILE_GATEWAY #2075,EVENT_MOBILE_GATEWAY_#2075,L4_SERVICE_KPI,Base PFCP-ASSOCIATION,Association state changed to up for user Peer MASKED_PLMN.PGW.UP on GW 1 Reference Point sxN4 default (IP Address: <MASKED-IP>). Recovery Time: 3999170259 cp func 0x0 up func {0x6a 0xd4 0xe8 0x0} bbf up func {0x0 0x0 0x0 0x0}
MSK-ALM-0309,2026-09-23T23:25:22Z,MASKED-CPF-01,WARNING,MOBILE_GATEWAY #2002,DIAMETER_PEER_PATH_CHANGE,L3_CONTROL_PLANE,vprn11 DCM-RO,"Diameter Application: Peer State: pathUp: Gw-1, Ref point-gy, peer name-MASKED_DIAMETER_PEER, peer index-0, peer address-<MASKED-IP>, port-3868, reason - peerActive"
MSK-ALM-0310,2026-09-23T23:25:22Z,MASKED-CPF-01,WARNING,MOBILE_GATEWAY #2032,DIAMETER_GY_PEER_STATE_CHANGE,L3_CONTROL_PLANE,vprn11 DCM-RO,"Diameter Application: Peer State: pathUp: Gw-1, Ref point-gy, System Group - 1, peer name-MASKED_DIAMETER_PEER, peer index-0, peer address-<MASKED-IP>, port-3868, reason - peerActive"
MSK-ALM-0311,2026-09-23T23:25:22Z,MASKED-CPF-01,WARNING,MOBILE_GATEWAY #2032,DIAMETER_GY_PEER_STATE_CHANGE,L3_CONTROL_PLANE,vprn10 DCM-GX,"Diameter Application: Peer State: pathUp: Gw-1, Ref point-gx, System Group - 1, peer name-MASKED_PEER_GX, peer index-0, peer address-<MASKED-IP>, port-3889, reason - peerActive"
MSK-ALM-0312,2026-09-23T23:25:22Z,MASKED-CPF-01,WARNING,MOBILE_GATEWAY #2032,DIAMETER_GY_PEER_STATE_CHANGE,L3_CONTROL_PLANE,vprn10 DCM-S6B,"Diameter Application: Peer State: pathUp: Gw-1, Ref point-s6b, System Group - 1, peer name-MASKED_PEER_S6B, peer index-0, peer address-<MASKED-IP>, port-3887, reason - peerActive"
MSK-ALM-0313,2026-09-23T23:25:22Z,MASKED-CPF-01,WARNING,MOBILE_GATEWAY #2002,DIAMETER_PEER_PATH_CHANGE,L3_CONTROL_PLANE,vprn10 DCM-GX,"Diameter Application: Peer State: pathUp: Gw-1, Ref point-gx, peer name-MASKED_PEER_PCRF_GX, peer index-0, peer address-<MASKED-IP>, port-3868, reason - peerActive"
MSK-ALM-0314,2026-09-23T23:25:22Z,MASKED-CPF-01,WARNING,MOBILE_GATEWAY #2002,DIAMETER_PEER_PATH_CHANGE,L3_CONTROL_PLANE,vprn11 DCM-RO,"Diameter Application: Peer State: pathPartialUp: Gw-1, Ref point-gy, peer name-MASKED_PEER_GY, peer index-0, peer address-<MASKED-IP>, port-3888, reason - peerActive"
MSK-ALM-0315,2026-09-23T23:25:22Z,MASKED-CPF-01,WARNING,MOBILE_GATEWAY #2002,DIAMETER_PEER_PATH_CHANGE,L3_CONTROL_PLANE,vprn10 DCM-GX,"Diameter Application: Peer State: pathPartialUp: Gw-1, Ref point-gx, peer name-MASKED_PEER_GX, peer index-0, peer address-<MASKED-IP>, port-3889, reason - peerActive"
MSK-ALM-0316,2026-09-23T23:25:22Z,MASKED-CPF-01,WARNING,MOBILE_GATEWAY #2002,DIAMETER_PEER_PATH_CHANGE,L3_CONTROL_PLANE,vprn10 DCM-S6B,"Diameter Application: Peer State: pathPartialUp: Gw-1, Ref point-s6b, peer name-MASKED_PEER_S6B, peer index-0, peer address-<MASKED-IP>, port-3887, reason - peerActive"
MSK-ALM-0317,2026-09-23T23:25:22Z,MASKED-CPF-01,WARNING,MOBILE_GATEWAY #2001,GTP_PATH_STATE_IDLE_TRANSITION,L4_SERVICE_KPI,vprn100 CPM-GTP,"Path Management: Peer State: added: Gw-1, Ref point-s5, protocol-gtp, RefPointName-PGW-default,peer-<MASKED-IP>, port-2123, Local address -<MASKED-IP>, Previous Restart Counter-68, Current Restart Counter-68, Peer Restart Reason-unknown, Pkt Seq Number-0, Peer Type-sgw, Plane Type-control."
MSK-ALM-0318,2026-09-23T23:25:22Z,MASKED-CPF-01,WARNING,MOBILE_GATEWAY #2001,GTP_PATH_STATE_IDLE_TRANSITION,L4_SERVICE_KPI,vprn100 CPM-GTP,"Path Management: Peer State: pathIdle: Gw-1, Ref point-s5, protocol-gtp, RefPointName-PGW-default,peer-<MASKED-IP>, port-2123, Local address -<MASKED-IP>, Previous Restart Counter-105, Current Restart Counter-105, Peer Restart Reason-unknown, Pkt Seq Number-0, Peer Type-sgw, Plane Type-control."
MSK-ALM-0319,2026-09-23T23:25:22Z,MASKED-CPF-01,WARNING,MOBILE_GATEWAY #2001,GTP_PATH_STATE_IDLE_TRANSITION,L4_SERVICE_KPI,vprn100 CPM-GTP,"Path Management: Peer State: pathIdle: Gw-1, Ref point-s2b, protocol-gtp, RefPointName-default,peer-<MASKED-IP>, port-2123, Local address -<MASKED-IP>, Previous Restart Counter-25, Current Restart Counter-25, Peer Restart Reason-unknown, Pkt Seq Number-0, Peer Type-epdg, Plane Type-control."
MSK-ALM-0320,2026-09-23T23:25:24Z,MASKED-CPF-01,WARNING,MOBILE_GATEWAY #2032,DIAMETER_GY_PEER_STATE_CHANGE,L3_CONTROL_PLANE,vprn10 DCM-S6B,"Diameter Application: Peer State: pathUp: Gw-1, Ref point-s6b, System Group - 3, peer name-MASKED_PEER_S6B, peer index-0, peer address-<MASKED-IP>, port-3887, reason - peerActive"
MSK-ALM-0321,2026-09-23T23:25:24Z,MASKED-CPF-01,WARNING,MOBILE_GATEWAY #2032,DIAMETER_GY_PEER_STATE_CHANGE,L3_CONTROL_PLANE,vprn11 DCM-RO,"Diameter Application: Peer State: pathUp: Gw-1, Ref point-gy, System Group - 3, peer name-MASKED_PEER_GY, peer index-0, peer address-<MASKED-IP>, port-3888, reason - peerActive"
MSK-ALM-0322,2026-09-23T23:25:24Z,MASKED-CPF-01,WARNING,MOBILE_GATEWAY #2032,DIAMETER_GY_PEER_STATE_CHANGE,L3_CONTROL_PLANE,vprn10 DCM-GX,"Diameter Application: Peer State: pathUp: Gw-1, Ref point-gx, System Group - 3, peer name-MASKED_PEER_GX, peer index-0, peer address-<MASKED-IP>, port-3889, reason - peerActive"
MSK-ALM-0323,2026-09-23T23:25:25Z,MASKED-CPF-01,WARNING,MOBILE_GATEWAY #2002,DIAMETER_PEER_PATH_CHANGE,L3_CONTROL_PLANE,vprn11 DCM-RO,"Diameter Application: Peer State: pathUp: Gw-1, Ref point-gy, peer name-MASKED_PEER_GY, peer index-0, peer address-<MASKED-IP>, port-3868, reason - peerActive"
MSK-ALM-0324,2026-09-23T23:25:25Z,MASKED-CPF-01,WARNING,MOBILE_GATEWAY #2032,DIAMETER_GY_PEER_STATE_CHANGE,L3_CONTROL_PLANE,vprn11 DCM-RO,"Diameter Application: Peer State: pathUp: Gw-1, Ref point-gy, System Group - 3, peer name-MASKED_PEER_GY, peer index-0, peer address-<MASKED-IP>, port-3868, reason - peerActive"
MSK-ALM-0325,2026-09-23T23:25:26Z,MASKED-CPF-01,WARNING,MOBILE_GATEWAY #2001,GTP_PATH_STATE_IDLE_TRANSITION,L4_SERVICE_KPI,vprn100 CPM-GTP,"Path Management: Peer State: added: Gw-1, Ref point-s5, protocol-gtp, RefPointName-PGW-default,peer-<MASKED-IP>, port-2123, Local address -<MASKED-IP>, Previous Restart Counter-24, Current Restart Counter-24, Peer Restart Reason-unknown, Pkt Seq Number-0, Peer Type-sgw, Plane Type-control."
MSK-ALM-0326,2026-09-23T23:25:27Z,MASKED-CPF-01,WARNING,MOBILE_GATEWAY #2002,DIAMETER_PEER_PATH_CHANGE,L3_CONTROL_PLANE,vprn11 DCM-RO,"Diameter Application: Peer State: pathUp: Gw-1, Ref point-gy, peer name-MASKED_PEER_GY, peer index-4, peer address-<MASKED-IP>, port-3868, reason - peerActive"
MSK-ALM-0327,2026-09-23T23:25:27Z,MASKED-CPF-01,WARNING,MOBILE_GATEWAY #2032,DIAMETER_GY_PEER_STATE_CHANGE,L3_CONTROL_PLANE,vprn11 DCM-RO,"Diameter Application: Peer State: pathUp: Gw-1, Ref point-gy, System Group - 5, peer name-MASKED_PEER_GY, peer index-4, peer address-<MASKED-IP>, port-3868, reason - peerActive"
MSK-ALM-0328,2026-09-23T23:25:27Z,MASKED-CPF-01,WARNING,MOBILE_GATEWAY #2032,DIAMETER_GY_PEER_STATE_CHANGE,L3_CONTROL_PLANE,vprn10 DCM-S6B,"Diameter Application: Peer State: pathUp: Gw-1, Ref point-s6b, System Group - 2, peer name-MASKED_PEER_S6B, peer index-0, peer address-<MASKED-IP>, port-3887, reason - peerActive"
MSK-ALM-0329,2026-09-23T23:25:27Z,MASKED-CPF-01,WARNING,MOBILE_GATEWAY #2032,DIAMETER_GY_PEER_STATE_CHANGE,L3_CONTROL_PLANE,vprn10 DCM-GX,"Diameter Application: Peer State: pathUp: Gw-1, Ref point-gx, System Group - 5, peer name-MASKED_PEER_GX, peer index-0, peer address-<MASKED-IP>, port-3889, reason - peerActive"
MSK-ALM-0330,2026-09-23T23:25:30Z,MASKED-CPF-01,WARNING,MOBILE_GATEWAY #2032,DIAMETER_GY_PEER_STATE_CHANGE,L3_CONTROL_PLANE,vprn11 DCM-RO,"Diameter Application: Peer State: pathUp: Gw-1, Ref point-gy, System Group - 9, peer name-MASKED_PEER_GY, peer index-0, peer address-<MASKED-IP>, port-3888, reason - peerActive"
MSK-ALM-0331,2026-09-23T23:25:30Z,MASKED-CPF-01,WARNING,MOBILE_GATEWAY #2032,DIAMETER_GY_PEER_STATE_CHANGE,L3_CONTROL_PLANE,vprn10 DCM-S6B,"Diameter Application: Peer State: pathUp: Gw-1, Ref point-s6b, System Group - 9, peer name-MASKED_PEER_S6B, peer index-0, peer address-<MASKED-IP>, port-3887, reason - peerActive"
MSK-ALM-0332,2026-09-23T23:25:30Z,MASKED-CPF-01,WARNING,MOBILE_GATEWAY #2032,DIAMETER_GY_PEER_STATE_CHANGE,L3_CONTROL_PLANE,vprn10 DCM-GX,"Diameter Application: Peer State: pathUp: Gw-1, Ref point-gx, System Group - 9, peer name-MASKED_PEER_GX, peer index-0, peer address-<MASKED-IP>, port-3889, reason - peerActive"
MSK-ALM-0333,2026-09-23T23:25:33Z,MASKED-CPF-01,WARNING,MOBILE_GATEWAY #2032,DIAMETER_GY_PEER_STATE_CHANGE,L3_CONTROL_PLANE,vprn10 DCM-S6B,"Diameter Application: Peer State: pathUp: Gw-1, Ref point-s6b, System Group - 4, peer name-MASKED_PEER_S6B, peer index-0, peer address-<MASKED-IP>, port-3887, reason - peerActive"
MSK-ALM-0334,2026-09-23T23:25:33Z,MASKED-CPF-01,WARNING,MOBILE_GATEWAY #2032,DIAMETER_GY_PEER_STATE_CHANGE,L3_CONTROL_PLANE,vprn11 DCM-RO,"Diameter Application: Peer State: pathUp: Gw-1, Ref point-gy, System Group - 4, peer name-MASKED_PEER_GY, peer index-0, peer address-<MASKED-IP>, port-3888, reason - peerActive"
MSK-ALM-0335,2026-09-23T23:25:33Z,MASKED-CPF-01,WARNING,MOBILE_GATEWAY #2032,DIAMETER_GY_PEER_STATE_CHANGE,L3_CONTROL_PLANE,vprn10 DCM-GX,"Diameter Application: Peer State: pathUp: Gw-1, Ref point-gx, System Group - 4, peer name-MASKED_PEER_GX, peer index-0, peer address-<MASKED-IP>, port-3889, reason - peerActive"
MSK-ALM-0336,2026-09-23T23:25:37Z,MASKED-CPF-01,WARNING,MOBILE_GATEWAY #2032,DIAMETER_GY_PEER_STATE_CHANGE,L3_CONTROL_PLANE,vprn11 DCM-RO,"Diameter Application: Peer State: pathUp: Gw-1, Ref point-gy, System Group - 8, peer name-MASKED_PEER_GY, peer index-0, peer address-<MASKED-IP>, port-3888, reason - peerActive"
MSK-ALM-0337,2026-09-23T23:25:37Z,MASKED-CPF-01,WARNING,MOBILE_GATEWAY #2002,DIAMETER_PEER_PATH_CHANGE,L3_CONTROL_PLANE,vprn10 DCM-S6B,"Diameter Application: Peer State: pathUp: Gw-1, Ref point-s6b, peer name-MASKED_PEER_S6B, peer index-0, peer address-<MASKED-IP>, port-3887, reason - peerActive"
MSK-ALM-0338,2026-09-23T23:25:37Z,MASKED-CPF-01,WARNING,MOBILE_GATEWAY #2032,DIAMETER_GY_PEER_STATE_CHANGE,L3_CONTROL_PLANE,vprn10 DCM-S6B,"Diameter Application: Peer State: pathUp: Gw-1, Ref point-s6b, System Group - 8, peer name-MASKED_PEER_S6B, peer index-0, peer address-<MASKED-IP>, port-3887, reason - peerActive"
MSK-ALM-0339,2026-09-23T23:25:37Z,MASKED-CPF-01,WARNING,MOBILE_GATEWAY #2032,DIAMETER_GY_PEER_STATE_CHANGE,L3_CONTROL_PLANE,vprn10 DCM-GX,"Diameter Application: Peer State: pathUp: Gw-1, Ref point-gx, System Group - 8, peer name-MASKED_PEER_GX, peer index-0, peer address-<MASKED-IP>, port-3889, reason - peerActive"
MSK-ALM-0340,2026-09-23T23:25:40Z,MASKED-CPF-01,WARNING,MOBILE_GATEWAY #2032,DIAMETER_GY_PEER_STATE_CHANGE,L3_CONTROL_PLANE,vprn11 DCM-RO,"Diameter Application: Peer State: pathUp: Gw-1, Ref point-gy, System Group - 7, peer name-MASKED_PEER_GY, peer index-0, peer address-<MASKED-IP>, port-3888, reason - peerActive"
MSK-ALM-0341,2026-09-23T23:25:40Z,MASKED-CPF-01,WARNING,MOBILE_GATEWAY #2032,DIAMETER_GY_PEER_STATE_CHANGE,L3_CONTROL_PLANE,vprn10 DCM-GX,"Diameter Application: Peer State: pathUp: Gw-1, Ref point-gx, System Group - 7, peer name-MASKED_PEER_GX, peer index-0, peer address-<MASKED-IP>, port-3889, reason - peerActive"
MSK-ALM-0342,2026-09-23T23:25:40Z,MASKED-CPF-01,WARNING,MOBILE_GATEWAY #2002,DIAMETER_PEER_PATH_CHANGE,L3_CONTROL_PLANE,vprn10 DCM-S6B,"Diameter Application: Peer State: pathUp: Gw-1, Ref point-s6b, peer name-MASKED_PEER_S6B, peer index-0, peer address-<MASKED-IP>, port-3887, reason - peerActive"
MSK-ALM-0343,2026-09-23T23:25:40Z,MASKED-CPF-01,WARNING,MOBILE_GATEWAY #2032,DIAMETER_GY_PEER_STATE_CHANGE,L3_CONTROL_PLANE,vprn10 DCM-S6B,"Diameter Application: Peer State: pathUp: Gw-1, Ref point-s6b, System Group - 7, peer name-MASKED_PEER_S6B, peer index-0, peer address-<MASKED-IP>, port-3887, reason - peerActive"
MSK-ALM-0344,2026-09-23T23:25:40Z,MASKED-CPF-01,WARNING,MOBILE_GATEWAY #2002,DIAMETER_PEER_PATH_CHANGE,L3_CONTROL_PLANE,vprn10 DCM-GX,"Diameter Application: Peer State: pathUp: Gw-1, Ref point-gx, peer name-MASKED_PEER_GX, peer index-0, peer address-<MASKED-IP>, port-3889, reason - peerActive"
MSK-ALM-0345,2026-09-23T23:25:41Z,MASKED-CPF-01,WARNING,MOBILE_GATEWAY #2032,DIAMETER_GY_PEER_STATE_CHANGE,L3_CONTROL_PLANE,vprn11 DCM-RO,"Diameter Application: Peer State: pathUp: Gw-1, Ref point-gy, System Group - 7, peer name-MASKED_PEER_GY, peer index-0, peer address-<MASKED-IP>, port-3888, reason - peerActive"
MSK-ALM-0346,2026-09-23T23:25:44Z,MASKED-CPF-01,WARNING,MOBILE_GATEWAY #2002,DIAMETER_PEER_PATH_CHANGE,L3_CONTROL_PLANE,vprn11 DCM-RO,"Diameter Application: Peer State: pathUp: Gw-1, Ref point-gy, peer name-MASKED_PEER_GY, peer index-0, peer address-<MASKED-IP>, port-3888, reason - peerActive"
MSK-ALM-0347,2026-09-23T23:25:44Z,MASKED-CPF-01,WARNING,MOBILE_GATEWAY #2032,DIAMETER_GY_PEER_STATE_CHANGE,L3_CONTROL_PLANE,vprn11 DCM-RO,"Diameter Application: Peer State: pathUp: Gw-1, Ref point-gy, System Group - 6, peer name-MASKED_PEER_GY, peer index-0, peer address-<MASKED-IP>, port-3888, reason - peerActive"
MSK-ALM-0348,2026-09-23T23:25:44Z,MASKED-CPF-01,WARNING,MOBILE_GATEWAY #2002,DIAMETER_PEER_PATH_CHANGE,L3_CONTROL_PLANE,vprn10 DCM-GX,"Diameter Application: Peer State: pathUp: Gw-1, Ref point-gx, peer name-MASKED_PEER_GX, peer index-0, peer address-<MASKED-IP>, port-3889, reason - peerActive"
MSK-ALM-0349,2026-09-23T23:25:44Z,MASKED-CPF-01,WARNING,MOBILE_GATEWAY #2032,DIAMETER_GY_PEER_STATE_CHANGE,L3_CONTROL_PLANE,vprn10 DCM-GX,"Diameter Application: Peer State: pathUp: Gw-1, Ref point-gx, System Group - 6, peer name-MASKED_PEER_GX, peer index-0, peer address-<MASKED-IP>, port-3889, reason - peerActive"
MSK-ALM-0350,2026-09-23T23:25:46Z,MASKED-CPF-01,WARNING,MOBILE_GATEWAY #2001,GTP_PATH_STATE_IDLE_TRANSITION,L4_SERVICE_KPI,vprn100 CPM-GTP,"Path Management: Peer State: pathIdle: Gw-1, Ref point-s5, protocol-gtp, RefPointName-PGW-default,peer-<MASKED-IP>, port-2123, Local address -<MASKED-IP>, Previous Restart Counter-48, Current Restart Counter-48, Peer Restart Reason-unknown, Pkt Seq Number-0, Peer Type-sgw, Plane Type-control."
MSK-ALM-0351,2026-09-23T23:25:48Z,MASKED-CPF-01,WARNING,MOBILE_GATEWAY #2002,DIAMETER_PEER_PATH_CHANGE,L3_CONTROL_PLANE,vprn11 DCM-RO,"Diameter Application: Peer State: pathUp: Gw-1, Ref point-gy, peer name-MASKED_PEER_GY, peer index-0, peer address-<MASKED-IP>, port-3888, reason - peerActive"
MSK-ALM-0352,2026-09-23T23:25:48Z,MASKED-CPF-01,WARNING,MOBILE_GATEWAY #2032,DIAMETER_GY_PEER_STATE_CHANGE,L3_CONTROL_PLANE,vprn11 DCM-RO,"Diameter Application: Peer State: pathUp: Gw-1, Ref point-gy, System Group - 1, peer name-MASKED_PEER_GY, peer index-0, peer address-<MASKED-IP>, port-3888, reason - peerActive"
MSK-ALM-0353,2026-09-23T23:26:35Z,MASKED-CPF-01,WARNING,MOBILE_GATEWAY #2001,GTP_PATH_STATE_IDLE_TRANSITION,L4_SERVICE_KPI,vprn100 CPM-GTP,"Path Management: Peer State: pathIdle: Gw-1, Ref point-s5, protocol-gtp, RefPointName-PGW-default,peer-<MASKED-IP>, port-2123, Local address -<MASKED-IP>, Previous Restart Counter-6, Current Restart Counter-6, Peer Restart Reason-unknown, Pkt Seq Number-0, Peer Type-sgw, Plane Type-control."
MSK-ALM-0354,2026-09-23T23:26:57Z,MASKED-CPF-01,WARNING,MOBILE_GATEWAY #2001,GTP_PATH_STATE_IDLE_TRANSITION,L4_SERVICE_KPI,vprn100 CPM-GTP,"Path Management: Peer State: pathIdle: Gw-1, Ref point-s2b, protocol-gtp, RefPointName-default,peer-<MASKED-IP>, port-2123, Local address -<MASKED-IP>, Previous Restart Counter-25, Current Restart Counter-25, Peer Restart Reason-unknown, Pkt Seq Number-0, Peer Type-epdg, Plane Type-control."
MSK-ALM-0355,2026-09-23T23:30:31Z,MASKED-CPF-01,MAJOR,LOGGER #2008,ACCOUNTING_LOG_ROLLOVER,L4_NOISE,Base acct-log-id 1 file-id 13,Log file cf1:\mob-gw\<MASKED-PM-FILE>.xml.gz on compact flash cf1 has been rolled over
MSK-ALM-0356,2026-09-23T23:30:31Z,MASKED-UPF-01,MAJOR,LOGGER #2008,ACCOUNTING_LOG_ROLLOVER,L4_NOISE,Base acct-log-id 1 file-id 13,Log file cf1:\mob-gw\<MASKED-PM-FILE>.xml.gz on compact flash cf1 has been rolled over
MSK-ALM-0357,2026-09-23T23:31:36Z,MASKED-CPF-01,WARNING,MOBILE_GATEWAY #2001,GTP_PATH_STATE_IDLE_TRANSITION,L4_SERVICE_KPI,vprn100 CPM-GTP,"Path Management: Peer State: pathIdle: Gw-1, Ref point-s2b, protocol-gtp, RefPointName-default,peer-<MASKED-IP>, port-2123, Local address -<MASKED-IP>, Previous Restart Counter-25, Current Restart Counter-25, Peer Restart Reason-unknown, Pkt Seq Number-0, Peer Type-epdg, Plane Type-control."
MSK-ALM-0358,2026-09-23T23:34:52Z,MASKED-CPF-01,WARNING,MOBILE_GATEWAY #2001,GTP_PATH_STATE_IDLE_TRANSITION,L4_SERVICE_KPI,vprn100 CPM-GTP,"Path Management: Peer State: added: Gw-1, Ref point-s2b, protocol-gtp, RefPointName-default,peer-<MASKED-IP>, port-2123, Local address -<MASKED-IP>, Previous Restart Counter-25, Current Restart Counter-25, Peer Restart Reason-unknown, Pkt Seq Number-0, Peer Type-epdg, Plane Type-control."
MSK-ALM-0359,2026-09-23T23:34:54Z,MASKED-CPF-01,WARNING,MOBILE_GATEWAY #2001,GTP_PATH_STATE_IDLE_TRANSITION,L4_SERVICE_KPI,vprn100 CPM-GTP,"Path Management: Peer State: pathIdle: Gw-1, Ref point-s5, protocol-gtp, RefPointName-PGW-default,peer-<MASKED-IP>, port-2123, Local address -<MASKED-IP>, Previous Restart Counter-6, Current Restart Counter-6, Peer Restart Reason-unknown, Pkt Seq Number-0, Peer Type-sgw, Plane Type-control."
MSK-ALM-0360,2026-09-23T23:36:59Z,MASKED-CPF-01,WARNING,MOBILE_GATEWAY #2001,GTP_PATH_STATE_IDLE_TRANSITION,L4_SERVICE_KPI,vprn100 CPM-GTP,"Path Management: Peer State: pathIdle: Gw-1, Ref point-s2b, protocol-gtp, RefPointName-default,peer-<MASKED-IP>, port-2123, Local address -<MASKED-IP>, Previous Restart Counter-25, Current Restart Counter-25, Peer Restart Reason-unknown, Pkt Seq Number-0, Peer Type-epdg, Plane Type-control."
MSK-ALM-0361,2026-09-23T23:37:36Z,MASKED-UPF-01,MAJOR,LOGGER #2008,ACCOUNTING_LOG_ROLLOVER,L4_NOISE,Base acct-log-id 6 file-id 66,Log file cf1:\act\<MASKED-ACT-FILE>.xml.gz on compact flash cf1 has been rolled over
MSK-ALM-0362,2026-09-23T23:38:39Z,MASKED-CPF-01,WARNING,MOBILE_GATEWAY #2001,GTP_PATH_STATE_IDLE_TRANSITION,L4_SERVICE_KPI,vprn100 CPM-GTP,"Path Management: Peer State: added: Gw-1, Ref point-s2b, protocol-gtp, RefPointName-default,peer-<MASKED-IP>, port-2123, Local address -<MASKED-IP>, Previous Restart Counter-32, Current Restart Counter-32, Peer Restart Reason-unknown, Pkt Seq Number-0, Peer Type-epdg, Plane Type-control."
MSK-ALM-0363,2026-09-23T23:40:33Z,MASKED-CPF-01,WARNING,MOBILE_GATEWAY #2001,GTP_PATH_STATE_IDLE_TRANSITION,L4_SERVICE_KPI,vprn100 CPM-GTP,"Path Management: Peer State: added: Gw-1, Ref point-s5, protocol-gtp, RefPointName-PGW-default,peer-<MASKED-IP>, port-2123, Local address -<MASKED-IP>, Previous Restart Counter-44, Current Restart Counter-44, Peer Restart Reason-unknown, Pkt Seq Number-0, Peer Type-sgw, Plane Type-control."
MSK-ALM-0364,2026-09-23T23:45:31Z,MASKED-UPF-01,MAJOR,LOGGER #2008,ACCOUNTING_LOG_ROLLOVER,L4_NOISE,Base acct-log-id 1 file-id 13,Log file cf1:\mob-gw\<MASKED-PM-FILE>.xml.gz on compact flash cf1 has been rolled over
MSK-ALM-0365,2026-09-24T00:45:36Z,MASKED-CPF-01,MAJOR,LOGGER #2008,ACCOUNTING_LOG_ROLLOVER,L4_NOISE,Base acct-log-id 1 file-id 13,Log file cf1:\mob-gw\<MASKED-PM-FILE>.xml.gz on compact flash cf1 has been rolled over
MSK-ALM-0366,2026-09-24T01:00:35Z,MASKED-CPF-01,MAJOR,LOGGER #2008,ACCOUNTING_LOG_ROLLOVER,L4_NOISE,Base acct-log-id 1 file-id 13,Log file cf1:\mob-gw\<MASKED-PM-FILE>.xml.gz on compact flash cf1 has been rolled over
MSK-ALM-0367,2026-09-24T01:15:35Z,MASKED-CPF-01,MAJOR,LOGGER #2008,ACCOUNTING_LOG_ROLLOVER,L4_NOISE,Base acct-log-id 1 file-id 13,Log file cf1:\mob-gw\<MASKED-PM-FILE>.xml.gz on compact flash cf1 has been rolled over
MSK-ALM-0368,2026-09-24T01:24:44Z,MASKED-CPF-01,MINOR,LOGGER #2009,ACCOUNTING_LOG_CLEANUP,L4_NOISE,Base acct-log-id 1 file-id 13,Log file cf1:\mob-gw\<MASKED-PM-FILE>.xml.gz on compact flash cf1 has been deleted
MSK-ALM-0369,2026-09-24T01:30:35Z,MASKED-CPF-01,MAJOR,LOGGER #2008,ACCOUNTING_LOG_ROLLOVER,L4_NOISE,Base acct-log-id 1 file-id 13,Log file cf1:\mob-gw\<MASKED-PM-FILE>.xml.gz on compact flash cf1 has been rolled over
MSK-ALM-0370,2026-09-24T01:45:35Z,MASKED-CPF-01,MAJOR,LOGGER #2008,ACCOUNTING_LOG_ROLLOVER,L4_NOISE,Base acct-log-id 1 file-id 13,Log file cf1:\mob-gw\<MASKED-PM-FILE>.xml.gz on compact flash cf1 has been rolled over
MSK-ALM-0371,2026-09-24T02:00:31Z,MASKED-UPF-01,MAJOR,LOGGER #2008,ACCOUNTING_LOG_ROLLOVER,L4_NOISE,Base acct-log-id 1 file-id 13,Log file cf1:\mob-gw\<MASKED-PM-FILE>.xml.gz on compact flash cf1 has been rolled over
MSK-ALM-0372,2026-09-24T02:00:35Z,MASKED-CPF-01,MAJOR,LOGGER #2008,ACCOUNTING_LOG_ROLLOVER,L4_NOISE,Base acct-log-id 1 file-id 13,Log file cf1:\mob-gw\<MASKED-PM-FILE>.xml.gz on compact flash cf1 has been rolled over
MSK-ALM-0373,2026-09-24T02:07:35Z,MASKED-UPF-01,MINOR,LOGGER #2009,ACCOUNTING_LOG_CLEANUP,L4_NOISE,Base acct-log-id 1 file-id 13,Log file cf1:\mob-gw\<MASKED-PM-FILE>.xml.gz on compact flash cf1 has been deleted
MSK-ALM-0374,2026-09-24T02:07:35Z,MASKED-UPF-01,MINOR,LOGGER #2009,ACCOUNTING_LOG_CLEANUP,L4_NOISE,Base acct-log-id 6 file-id 66,Log file cf1:\act\<MASKED-ACT-FILE>.xml.gz on compact flash cf1 has been deleted
MSK-ALM-0375,2026-09-24T02:07:35Z,MASKED-UPF-01,MINOR,LOGGER #2009,ACCOUNTING_LOG_CLEANUP,L4_NOISE,Base acct-log-id 5 file-id 55,Log file cf1:\act\<MASKED-ACT-FILE>.xml.gz on compact flash cf1 has been deleted
MSK-ALM-0376,2026-09-24T02:07:35Z,MASKED-UPF-01,MINOR,LOGGER #2009,ACCOUNTING_LOG_CLEANUP,L4_NOISE,Base acct-log-id 24 file-id 24,Log file cf1:\act\<MASKED-ACT-FILE>.xml.gz on compact flash cf1 has been deleted
MSK-ALM-0377,2026-09-24T02:07:35Z,MASKED-UPF-01,MINOR,LOGGER #2009,ACCOUNTING_LOG_CLEANUP,L4_NOISE,Base acct-log-id 23 file-id 23,Log file cf1:\act\<MASKED-ACT-FILE>.xml.gz on compact flash cf1 has been deleted
MSK-ALM-0378,2026-09-24T02:07:35Z,MASKED-UPF-01,MINOR,LOGGER #2009,ACCOUNTING_LOG_CLEANUP,L4_NOISE,Base acct-log-id 22 file-id 22,Log file cf1:\act\<MASKED-ACT-FILE>.xml.gz on compact flash cf1 has been deleted
MSK-ALM-0379,2026-09-24T02:07:35Z,MASKED-UPF-01,MINOR,LOGGER #2009,ACCOUNTING_LOG_CLEANUP,L4_NOISE,Base acct-log-id 21 file-id 21,Log file cf1:\act\<MASKED-ACT-FILE>.xml.gz on compact flash cf1 has been deleted
MSK-ALM-0380,2026-09-24T02:07:36Z,MASKED-UPF-01,MAJOR,LOGGER #2008,ACCOUNTING_LOG_ROLLOVER,L4_NOISE,Base acct-log-id 21 file-id 21,Log file cf1:\act\<MASKED-ACT-FILE>.xml.gz on compact flash cf1 has been rolled over
MSK-ALM-0381,2026-09-24T02:07:36Z,MASKED-UPF-01,MAJOR,LOGGER #2008,ACCOUNTING_LOG_ROLLOVER,L4_NOISE,Base acct-log-id 5 file-id 55,Log file cf1:\act\<MASKED-ACT-FILE>.xml.gz on compact flash cf1 has been rolled over
MSK-ALM-0382,2026-09-24T02:07:36Z,MASKED-UPF-01,MAJOR,LOGGER #2008,ACCOUNTING_LOG_ROLLOVER,L4_NOISE,Base acct-log-id 6 file-id 66,Log file cf1:\act\<MASKED-ACT-FILE>.xml.gz on compact flash cf1 has been rolled over
MSK-ALM-0383,2026-09-24T02:07:37Z,MASKED-UPF-01,MAJOR,LOGGER #2008,ACCOUNTING_LOG_ROLLOVER,L4_NOISE,Base acct-log-id 24 file-id 24,Log file cf1:\act\<MASKED-ACT-FILE>.xml.gz on compact flash cf1 has been rolled over
MSK-ALM-0384,2026-09-24T02:07:37Z,MASKED-UPF-01,MAJOR,LOGGER #2008,ACCOUNTING_LOG_ROLLOVER,L4_NOISE,Base acct-log-id 23 file-id 23,Log file cf1:\act\<MASKED-ACT-FILE>.xml.gz on compact flash cf1 has been rolled over
MSK-ALM-0385,2026-09-24T02:07:37Z,MASKED-UPF-01,MAJOR,LOGGER #2008,ACCOUNTING_LOG_ROLLOVER,L4_NOISE,Base acct-log-id 22 file-id 22,Log file cf1:\act\<MASKED-ACT-FILE>.xml.gz on compact flash cf1 has been rolled over
MSK-ALM-0386,2026-09-24T02:15:31Z,MASKED-UPF-01,MAJOR,LOGGER #2008,ACCOUNTING_LOG_ROLLOVER,L4_NOISE,Base acct-log-id 1 file-id 13,Log file cf1:\mob-gw\<MASKED-PM-FILE>.xml.gz on compact flash cf1 has been rolled over
MSK-ALM-0387,2026-09-24T02:15:35Z,MASKED-CPF-01,MAJOR,LOGGER #2008,ACCOUNTING_LOG_ROLLOVER,L4_NOISE,Base acct-log-id 1 file-id 13,Log file cf1:\mob-gw\<MASKED-PM-FILE>.xml.gz on compact flash cf1 has been rolled over
MSK-ALM-0388,2026-09-24T02:22:36Z,MASKED-UPF-01,MAJOR,LOGGER #2008,ACCOUNTING_LOG_ROLLOVER,L4_NOISE,Base acct-log-id 6 file-id 66,Log file cf1:\act\<MASKED-ACT-FILE>.xml.gz on compact flash cf1 has been rolled over
MSK-ALM-0389,2026-09-24T02:24:44Z,MASKED-CPF-01,MINOR,LOGGER #2009,ACCOUNTING_LOG_CLEANUP,L4_NOISE,Base acct-log-id 1 file-id 13,Log file cf1:\mob-gw\<MASKED-PM-FILE>.xml.gz on compact flash cf1 has been deleted
MSK-ALM-0390,2026-09-24T02:30:31Z,MASKED-UPF-01,MAJOR,LOGGER #2008,ACCOUNTING_LOG_ROLLOVER,L4_NOISE,Base acct-log-id 1 file-id 13,Log file cf1:\mob-gw\<MASKED-PM-FILE>.xml.gz on compact flash cf1 has been rolled over
MSK-ALM-0391,2026-09-24T02:30:35Z,MASKED-CPF-01,MAJOR,LOGGER #2008,ACCOUNTING_LOG_ROLLOVER,L4_NOISE,Base acct-log-id 1 file-id 13,Log file cf1:\mob-gw\<MASKED-PM-FILE>.xml.gz on compact flash cf1 has been rolled over
MSK-ALM-0392,2026-09-24T02:37:36Z,MASKED-UPF-01,MAJOR,LOGGER #2008,ACCOUNTING_LOG_ROLLOVER,L4_NOISE,Base acct-log-id 6 file-id 66,Log file cf1:\act\<MASKED-ACT-FILE>.xml.gz on compact flash cf1 has been rolled over
MSK-ALM-0393,2026-09-24T02:45:31Z,MASKED-UPF-01,MAJOR,LOGGER #2008,ACCOUNTING_LOG_ROLLOVER,L4_NOISE,Base acct-log-id 1 file-id 13,Log file cf1:\mob-gw\<MASKED-PM-FILE>.xml.gz on compact flash cf1 has been rolled over
MSK-ALM-0394,2026-09-24T02:45:35Z,MASKED-CPF-01,MAJOR,LOGGER #2008,ACCOUNTING_LOG_ROLLOVER,L4_NOISE,Base acct-log-id 1 file-id 13,Log file cf1:\mob-gw\<MASKED-PM-FILE>.xml.gz on compact flash cf1 has been rolled over
MSK-ALM-0395,2026-09-24T02:52:36Z,MASKED-UPF-01,MAJOR,LOGGER #2008,ACCOUNTING_LOG_ROLLOVER,L4_NOISE,Base acct-log-id 6 file-id 66,Log file cf1:\act\<MASKED-ACT-FILE>.xml.gz on compact flash cf1 has been rolled over
MSK-ALM-0396,2026-09-24T03:00:31Z,MASKED-UPF-01,MAJOR,LOGGER #2008,ACCOUNTING_LOG_ROLLOVER,L4_NOISE,Base acct-log-id 1 file-id 13,Log file cf1:\mob-gw\<MASKED-PM-FILE>.xml.gz on compact flash cf1 has been rolled over
MSK-ALM-0397,2026-09-24T03:00:35Z,MASKED-CPF-01,MAJOR,LOGGER #2008,ACCOUNTING_LOG_ROLLOVER,L4_NOISE,Base acct-log-id 1 file-id 13,Log file cf1:\mob-gw\<MASKED-PM-FILE>.xml.gz on compact flash cf1 has been rolled over
MSK-ALM-0398,2026-09-24T03:07:35Z,MASKED-UPF-01,MINOR,LOGGER #2009,ACCOUNTING_LOG_CLEANUP,L4_NOISE,Base acct-log-id 6 file-id 66,Log file cf1:\act\<MASKED-ACT-FILE>.xml.gz on compact flash cf1 has been deleted
MSK-ALM-0399,2026-09-24T03:07:35Z,MASKED-UPF-01,MINOR,LOGGER #2009,ACCOUNTING_LOG_CLEANUP,L4_NOISE,Base acct-log-id 21 file-id 21,Log file cf1:\act\<MASKED-ACT-FILE>.xml.gz on compact flash cf1 has been deleted
MSK-ALM-0400,2026-09-24T03:07:35Z,MASKED-UPF-01,MINOR,LOGGER #2009,ACCOUNTING_LOG_CLEANUP,L4_NOISE,Base acct-log-id 22 file-id 22,Log file cf1:\act\<MASKED-ACT-FILE>.xml.gz on compact flash cf1 has been deleted
MSK-ALM-0401,2026-09-24T03:07:35Z,MASKED-UPF-01,MINOR,LOGGER #2009,ACCOUNTING_LOG_CLEANUP,L4_NOISE,Base acct-log-id 23 file-id 23,Log file cf1:\act\<MASKED-ACT-FILE>.xml.gz on compact flash cf1 has been deleted
MSK-ALM-0402,2026-09-24T03:07:35Z,MASKED-UPF-01,MINOR,LOGGER #2009,ACCOUNTING_LOG_CLEANUP,L4_NOISE,Base acct-log-id 5 file-id 55,Log file cf1:\act\<MASKED-ACT-FILE>.xml.gz on compact flash cf1 has been deleted
MSK-ALM-0403,2026-09-24T03:07:35Z,MASKED-UPF-01,MINOR,LOGGER #2009,ACCOUNTING_LOG_CLEANUP,L4_NOISE,Base acct-log-id 24 file-id 24,Log file cf1:\act\<MASKED-ACT-FILE>.xml.gz on compact flash cf1 has been deleted
MSK-ALM-0404,2026-09-24T03:07:36Z,MASKED-UPF-01,MAJOR,LOGGER #2008,ACCOUNTING_LOG_ROLLOVER,L4_NOISE,Base acct-log-id 23 file-id 23,Log file cf1:\act\<MASKED-ACT-FILE>.xml.gz on compact flash cf1 has been rolled over
MSK-ALM-0405,2026-09-24T03:07:36Z,MASKED-UPF-01,MAJOR,LOGGER #2008,ACCOUNTING_LOG_ROLLOVER,L4_NOISE,Base acct-log-id 6 file-id 66,Log file cf1:\act\<MASKED-ACT-FILE>.xml.gz on compact flash cf1 has been rolled over
MSK-ALM-0406,2026-09-24T03:07:36Z,MASKED-UPF-01,MINOR,LOGGER #2009,ACCOUNTING_LOG_CLEANUP,L4_NOISE,Base acct-log-id 1 file-id 13,Log file cf1:\mob-gw\<MASKED-PM-FILE>.xml.gz on compact flash cf1 has been deleted
MSK-ALM-0407,2026-09-24T03:07:37Z,MASKED-UPF-01,MAJOR,LOGGER #2008,ACCOUNTING_LOG_ROLLOVER,L4_NOISE,Base acct-log-id 24 file-id 24,Log file cf1:\act\<MASKED-ACT-FILE>.xml.gz on compact flash cf1 has been rolled over
MSK-ALM-0408,2026-09-24T03:07:37Z,MASKED-UPF-01,MAJOR,LOGGER #2008,ACCOUNTING_LOG_ROLLOVER,L4_NOISE,Base acct-log-id 5 file-id 55,Log file cf1:\act\<MASKED-ACT-FILE>.xml.gz on compact flash cf1 has been rolled over
MSK-ALM-0409,2026-09-24T03:07:37Z,MASKED-UPF-01,MAJOR,LOGGER #2008,ACCOUNTING_LOG_ROLLOVER,L4_NOISE,Base acct-log-id 21 file-id 21,Log file cf1:\act\<MASKED-ACT-FILE>.xml.gz on compact flash cf1 has been rolled over
MSK-ALM-0410,2026-09-24T03:07:37Z,MASKED-UPF-01,MAJOR,LOGGER #2008,ACCOUNTING_LOG_ROLLOVER,L4_NOISE,Base acct-log-id 22 file-id 22,Log file cf1:\act\<MASKED-ACT-FILE>.xml.gz on compact flash cf1 has been rolled over
MSK-ALM-0411,2026-09-24T03:15:31Z,MASKED-UPF-01,MAJOR,LOGGER #2008,ACCOUNTING_LOG_ROLLOVER,L4_NOISE,Base acct-log-id 1 file-id 13,Log file cf1:\mob-gw\<MASKED-PM-FILE>.xml.gz on compact flash cf1 has been rolled over
MSK-ALM-0412,2026-09-24T03:15:35Z,MASKED-CPF-01,MAJOR,LOGGER #2008,ACCOUNTING_LOG_ROLLOVER,L4_NOISE,Base acct-log-id 1 file-id 13,Log file cf1:\mob-gw\<MASKED-PM-FILE>.xml.gz on compact flash cf1 has been rolled over
MSK-ALM-0413,2026-09-24T03:22:36Z,MASKED-UPF-01,MAJOR,LOGGER #2008,ACCOUNTING_LOG_ROLLOVER,L4_NOISE,Base acct-log-id 6 file-id 66,Log file cf1:\act\<MASKED-ACT-FILE>.xml.gz on compact flash cf1 has been rolled over
MSK-ALM-0414,2026-09-24T03:24:44Z,MASKED-CPF-01,MINOR,LOGGER #2009,ACCOUNTING_LOG_CLEANUP,L4_NOISE,Base acct-log-id 1 file-id 13,Log file cf1:\mob-gw\<MASKED-PM-FILE>.xml.gz on compact flash cf1 has been deleted
MSK-ALM-0415,2026-09-24T03:30:31Z,MASKED-UPF-01,MAJOR,LOGGER #2008,ACCOUNTING_LOG_ROLLOVER,L4_NOISE,Base acct-log-id 1 file-id 13,Log file cf1:\mob-gw\<MASKED-PM-FILE>.xml.gz on compact flash cf1 has been rolled over
MSK-ALM-0416,2026-09-24T03:30:35Z,MASKED-CPF-01,MAJOR,LOGGER #2008,ACCOUNTING_LOG_ROLLOVER,L4_NOISE,Base acct-log-id 1 file-id 13,Log file cf1:\mob-gw\<MASKED-PM-FILE>.xml.gz on compact flash cf1 has been rolled over
MSK-ALM-0417,2026-09-24T03:37:36Z,MASKED-UPF-01,MAJOR,LOGGER #2008,ACCOUNTING_LOG_ROLLOVER,L4_NOISE,Base acct-log-id 6 file-id 66,Log file cf1:\act\<MASKED-ACT-FILE>.xml.gz on compact flash cf1 has been rolled over
MSK-ALM-0418,2026-09-24T03:45:29Z,MASKED-CPF-01,WARNING,MOBILE_GATEWAY #2001,GTP_PATH_STATE_IDLE_TRANSITION,L4_SERVICE_KPI,vprn100 CPM-GTP,"Path Management: Peer State: pathIdle: Gw-1, Ref point-gn, protocol-gtp, RefPointName-default,peer-<MASKED-IP>, port-2123, Local address -<MASKED-IP>, Previous Restart Counter-15, Current Restart Counter-15, Peer Restart Reason-unknown, Pkt Seq Number-0, Peer Type-sgsn, Plane Type-control."
MSK-ALM-0419,2026-09-24T03:45:31Z,MASKED-UPF-01,MAJOR,LOGGER #2008,ACCOUNTING_LOG_ROLLOVER,L4_NOISE,Base acct-log-id 1 file-id 13,Log file cf1:\mob-gw\<MASKED-PM-FILE>.xml.gz on compact flash cf1 has been rolled over
MSK-ALM-0420,2026-09-24T03:45:35Z,MASKED-CPF-01,MAJOR,LOGGER #2008,ACCOUNTING_LOG_ROLLOVER,L4_NOISE,Base acct-log-id 1 file-id 13,Log file cf1:\mob-gw\<MASKED-PM-FILE>.xml.gz on compact flash cf1 has been rolled over
MSK-ALM-0421,2026-09-24T03:46:01Z,MASKED-CPF-01,WARNING,MOBILE_GATEWAY #2001,GTP_PATH_STATE_IDLE_TRANSITION,L4_SERVICE_KPI,vprn100 CPM-GTP,"Path Management: Peer State: pathIdle: Gw-1, Ref point-s5, protocol-gtp, RefPointName-PGW-default,peer-<MASKED-IP>, port-2123, Local address -<MASKED-IP>, Previous Restart Counter-46, Current Restart Counter-46, Peer Restart Reason-unknown, Pkt Seq Number-0, Peer Type-sgw, Plane Type-control."
MSK-ALM-0422,2026-09-24T03:46:15Z,MASKED-CPF-01,WARNING,MOBILE_GATEWAY #2001,GTP_PATH_STATE_IDLE_TRANSITION,L4_SERVICE_KPI,vprn100 CPM-GTP,"Path Management: Peer State: pathIdle: Gw-1, Ref point-gn, protocol-gtp, RefPointName-default,peer-<MASKED-IP>, port-2123, Local address -<MASKED-IP>, Previous Restart Counter-15, Current Restart Counter-15, Peer Restart Reason-unknown, Pkt Seq Number-0, Peer Type-sgsn, Plane Type-control."
MSK-ALM-0423,2026-09-24T03:46:16Z,MASKED-CPF-01,WARNING,MOBILE_GATEWAY #2001,GTP_PATH_STATE_IDLE_TRANSITION,L4_SERVICE_KPI,vprn100 CPM-GTP,"Path Management: Peer State: pathIdle: Gw-1, Ref point-s5, protocol-gtp, RefPointName-default,peer-<MASKED-IP>, port-2123, Local address -<MASKED-IP>, Previous Restart Counter-0, Current Restart Counter-0, Peer Restart Reason-unknown, Pkt Seq Number-0, Peer Type-pgw, Plane Type-control."
MSK-ALM-0424,2026-09-24T03:47:00Z,MASKED-CPF-01,WARNING,MOBILE_GATEWAY #2001,GTP_PATH_STATE_IDLE_TRANSITION,L4_SERVICE_KPI,vprn100 CPM-GTP,"Path Management: Peer State: added: Gw-1, Ref point-gn, protocol-gtp, RefPointName-default,peer-<MASKED-IP>, port-2123, Local address -<MASKED-IP>, Previous Restart Counter-4294967295, Current Restart Counter-3, Peer Restart Reason-unknown, Pkt Seq Number-0, Peer Type-sgsn, Plane Type-control."
MSK-ALM-0425,2026-09-24T03:47:34Z,MASKED-CPF-01,WARNING,MOBILE_GATEWAY #2001,GTP_PATH_STATE_IDLE_TRANSITION,L4_SERVICE_KPI,vprn100 CPM-GTP,"Path Management: Peer State: pathIdle: Gw-1, Ref point-s2b, protocol-gtp, RefPointName-default,peer-<MASKED-IP>, port-2123, Local address -<MASKED-IP>, Previous Restart Counter-49, Current Restart Counter-49, Peer Restart Reason-unknown, Pkt Seq Number-0, Peer Type-epdg, Plane Type-control."
MSK-ALM-0426,2026-09-24T03:51:06Z,MASKED-CPF-01,WARNING,MOBILE_GATEWAY #2001,GTP_PATH_STATE_IDLE_TRANSITION,L4_SERVICE_KPI,vprn100 CPM-GTP,"Path Management: Peer State: pathIdle: Gw-1, Ref point-s5, protocol-gtp, RefPointName-default,peer-<MASKED-IP>, port-2123, Local address -<MASKED-IP>, Previous Restart Counter-15, Current Restart Counter-15, Peer Restart Reason-unknown, Pkt Seq Number-0, Peer Type-pgw, Plane Type-control."
MSK-ALM-0427,2026-09-24T03:51:20Z,MASKED-CPF-01,WARNING,MOBILE_GATEWAY #2001,GTP_PATH_STATE_IDLE_TRANSITION,L4_SERVICE_KPI,vprn100 CPM-GTP,"Path Management: Peer State: pathIdle: Gw-1, Ref point-s8, protocol-gtp, RefPointName-default,peer-<MASKED-IP>, port-2123, Local address -<MASKED-IP>, Previous Restart Counter-11, Current Restart Counter-11, Peer Restart Reason-unknown, Pkt Seq Number-0, Peer Type-pgw, Plane Type-control."
MSK-ALM-0428,2026-09-24T03:51:26Z,MASKED-CPF-01,WARNING,MOBILE_GATEWAY #2001,GTP_PATH_STATE_IDLE_TRANSITION,L4_SERVICE_KPI,vprn100 CPM-GTP,"Path Management: Peer State: pathIdle: Gw-1, Ref point-s8, protocol-gtp, RefPointName-default,peer-<MASKED-IP>, port-2123, Local address -<MASKED-IP>, Previous Restart Counter-8, Current Restart Counter-8, Peer Restart Reason-unknown, Pkt Seq Number-0, Peer Type-pgw, Plane Type-control."
MSK-ALM-0429,2026-09-24T03:51:27Z,MASKED-CPF-01,WARNING,MOBILE_GATEWAY #2001,GTP_PATH_STATE_IDLE_TRANSITION,L4_SERVICE_KPI,vprn100 CPM-GTP,"Path Management: Peer State: pathIdle: Gw-1, Ref point-s8, protocol-gtp, RefPointName-default,peer-<MASKED-IP>, port-2123, Local address -<MASKED-IP>, Previous Restart Counter-9, Current Restart Counter-9, Peer Restart Reason-unknown, Pkt Seq Number-0, Peer Type-pgw, Plane Type-control."
MSK-ALM-0430,2026-09-24T03:51:32Z,MASKED-CPF-01,WARNING,MOBILE_GATEWAY #2001,GTP_PATH_STATE_IDLE_TRANSITION,L4_SERVICE_KPI,vprn100 CPM-GTP,"Path Management: Peer State: pathIdle: Gw-1, Ref point-s8, protocol-gtp, RefPointName-default,peer-<MASKED-IP>, port-2123, Local address -<MASKED-IP>, Previous Restart Counter-11, Current Restart Counter-11, Peer Restart Reason-unknown, Pkt Seq Number-0, Peer Type-pgw, Plane Type-control."
MSK-ALM-0431,2026-09-24T03:51:46Z,MASKED-CPF-01,WARNING,MOBILE_GATEWAY #2001,GTP_PATH_STATE_IDLE_TRANSITION,L4_SERVICE_KPI,vprn100 CPM-GTP,"Path Management: Peer State: pathIdle: Gw-1, Ref point-s5, protocol-gtp, RefPointName-default,peer-<MASKED-IP>, port-2123, Local address -<MASKED-IP>, Previous Restart Counter-50, Current Restart Counter-50, Peer Restart Reason-unknown, Pkt Seq Number-0, Peer Type-pgw, Plane Type-control."
MSK-ALM-0432,2026-09-24T03:52:36Z,MASKED-UPF-01,MAJOR,LOGGER #2008,ACCOUNTING_LOG_ROLLOVER,L4_NOISE,Base acct-log-id 6 file-id 66,Log file cf1:\act\<MASKED-ACT-FILE>.xml.gz on compact flash cf1 has been rolled over
MSK-ALM-0433,2026-09-24T03:53:52Z,MASKED-CPF-01,WARNING,MOBILE_GATEWAY #2001,GTP_PATH_STATE_IDLE_TRANSITION,L4_SERVICE_KPI,vprn100 CPM-GTP,"Path Management: Peer State: pathIdle: Gw-1, Ref point-s5, protocol-gtp, RefPointName-default,peer-<MASKED-IP>, port-2123, Local address -<MASKED-IP>, Previous Restart Counter-142, Current Restart Counter-142, Peer Restart Reason-unknown, Pkt Seq Number-0, Peer Type-pgw, Plane Type-control."
MSK-ALM-0434,2026-09-24T03:54:02Z,MASKED-CPF-01,WARNING,MOBILE_GATEWAY #2001,GTP_PATH_STATE_IDLE_TRANSITION,L4_SERVICE_KPI,vprn100 CPM-GTP,"Path Management: Peer State: pathIdle: Gw-1, Ref point-s8, protocol-gtp, RefPointName-default,peer-<MASKED-IP>, port-2123, Local address -<MASKED-IP>, Previous Restart Counter-5, Current Restart Counter-5, Peer Restart Reason-unknown, Pkt Seq Number-0, Peer Type-pgw, Plane Type-control."
MSK-ALM-0435,2026-09-24T03:54:14Z,MASKED-CPF-01,WARNING,MOBILE_GATEWAY #2001,GTP_PATH_STATE_IDLE_TRANSITION,L4_SERVICE_KPI,vprn100 CPM-GTP,"Path Management: Peer State: pathIdle: Gw-1, Ref point-s8, protocol-gtp, RefPointName-default,peer-<MASKED-IP>, port-2123, Local address -<MASKED-IP>, Previous Restart Counter-5, Current Restart Counter-5, Peer Restart Reason-unknown, Pkt Seq Number-0, Peer Type-pgw, Plane Type-control."
MSK-ALM-0436,2026-09-24T03:54:26Z,MASKED-CPF-01,WARNING,MOBILE_GATEWAY #2001,GTP_PATH_STATE_IDLE_TRANSITION,L4_SERVICE_KPI,vprn100 CPM-GTP,"Path Management: Peer State: pathIdle: Gw-1, Ref point-s8, protocol-gtp, RefPointName-default,peer-<MASKED-IP>, port-2123, Local address -<MASKED-IP>, Previous Restart Counter-5, Current Restart Counter-5, Peer Restart Reason-unknown, Pkt Seq Number-0, Peer Type-pgw, Plane Type-control."
MSK-ALM-0437,2026-09-24T03:54:38Z,MASKED-CPF-01,WARNING,MOBILE_GATEWAY #2001,GTP_PATH_STATE_IDLE_TRANSITION,L4_SERVICE_KPI,vprn100 CPM-GTP,"Path Management: Peer State: pathIdle: Gw-1, Ref point-s8, protocol-gtp, RefPointName-default,peer-<MASKED-IP>, port-2123, Local address -<MASKED-IP>, Previous Restart Counter-5, Current Restart Counter-5, Peer Restart Reason-unknown, Pkt Seq Number-0, Peer Type-pgw, Plane Type-control."
MSK-ALM-0438,2026-09-24T03:54:49Z,MASKED-CPF-01,WARNING,MOBILE_GATEWAY #2001,GTP_PATH_STATE_IDLE_TRANSITION,L4_SERVICE_KPI,vprn100 CPM-GTP,"Path Management: Peer State: pathIdle: Gw-1, Ref point-s8, protocol-gtp, RefPointName-default,peer-<MASKED-IP>, port-2123, Local address -<MASKED-IP>, Previous Restart Counter-5, Current Restart Counter-5, Peer Restart Reason-unknown, Pkt Seq Number-0, Peer Type-pgw, Plane Type-control."
MSK-ALM-0439,2026-09-24T03:57:45Z,MASKED-CPF-01,WARNING,MOBILE_GATEWAY #2001,GTP_PATH_STATE_IDLE_TRANSITION,L4_SERVICE_KPI,vprn100 CPM-GTP,"Path Management: Peer State: added: Gw-1, Ref point-s8, protocol-gtp, RefPointName-default,peer-<MASKED-IP>, port-2123, Local address -<MASKED-IP>, Previous Restart Counter-4294967295, Current Restart Counter-110, Peer Restart Reason-unknown, Pkt Seq Number-0, Peer Type-pgw, Plane Type-control."
MSK-ALM-0440,2026-09-24T04:00:31Z,MASKED-UPF-01,MAJOR,LOGGER #2008,ACCOUNTING_LOG_ROLLOVER,L4_NOISE,Base acct-log-id 1 file-id 13,Log file cf1:\mob-gw\<MASKED-PM-FILE>.xml.gz on compact flash cf1 has been rolled over
MSK-ALM-0441,2026-09-24T04:00:35Z,MASKED-CPF-01,MAJOR,LOGGER #2008,ACCOUNTING_LOG_ROLLOVER,L4_NOISE,Base acct-log-id 1 file-id 13,Log file cf1:\mob-gw\<MASKED-PM-FILE>.xml.gz on compact flash cf1 has been rolled over
MSK-ALM-0442,2026-09-24T04:00:46Z,MASKED-CPF-01,WARNING,MOBILE_GATEWAY #2001,GTP_PATH_STATE_IDLE_TRANSITION,L4_SERVICE_KPI,vprn100 CPM-GTP,"Path Management: Peer State: pathIdle: Gw-1, Ref point-s5, protocol-gtp, RefPointName-PGW-default,peer-<MASKED-IP>, port-2123, Local address -<MASKED-IP>, Previous Restart Counter-33, Current Restart Counter-33, Peer Restart Reason-unknown, Pkt Seq Number-0, Peer Type-sgw, Plane Type-control."
MSK-ALM-0443,2026-09-24T04:02:11Z,MASKED-CPF-01,WARNING,MOBILE_GATEWAY #2001,GTP_PATH_STATE_IDLE_TRANSITION,L4_SERVICE_KPI,vprn100 CPM-GTP,"Path Management: Peer State: pathIdle: Gw-1, Ref point-s5, protocol-gtp, RefPointName-default,peer-<MASKED-IP>, port-2123, Local address -<MASKED-IP>, Previous Restart Counter-0, Current Restart Counter-0, Peer Restart Reason-unknown, Pkt Seq Number-0, Peer Type-pgw, Plane Type-control."
MSK-ALM-0444,2026-09-24T04:02:15Z,MASKED-CPF-01,WARNING,MOBILE_GATEWAY #2001,GTP_PATH_STATE_IDLE_TRANSITION,L4_SERVICE_KPI,vprn100 CPM-GTP,"Path Management: Peer State: pathIdle: Gw-1, Ref point-s5, protocol-gtp, RefPointName-PGW-default,peer-<MASKED-IP>, port-2123, Local address -<MASKED-IP>, Previous Restart Counter-119, Current Restart Counter-119, Peer Restart Reason-unknown, Pkt Seq Number-0, Peer Type-sgw, Plane Type-control."
MSK-ALM-0445,2026-09-24T04:02:40Z,MASKED-CPF-01,WARNING,MOBILE_GATEWAY #2001,GTP_PATH_STATE_IDLE_TRANSITION,L4_SERVICE_KPI,vprn100 CPM-GTP,"Path Management: Peer State: pathIdle: Gw-1, Ref point-s5, protocol-gtp, RefPointName-PGW-default,peer-<MASKED-IP>, port-2123, Local address -<MASKED-IP>, Previous Restart Counter-64, Current Restart Counter-64, Peer Restart Reason-unknown, Pkt Seq Number-0, Peer Type-sgw, Plane Type-control."
MSK-ALM-0446,2026-09-24T04:02:52Z,MASKED-CPF-01,WARNING,MOBILE_GATEWAY #2001,GTP_PATH_STATE_IDLE_TRANSITION,L4_SERVICE_KPI,vprn100 CPM-GTP,"Path Management: Peer State: pathIdle: Gw-1, Ref point-gn, protocol-gtp, RefPointName-default,peer-<MASKED-IP>, port-2123, Local address -<MASKED-IP>, Previous Restart Counter-3, Current Restart Counter-3, Peer Restart Reason-unknown, Pkt Seq Number-0, Peer Type-sgsn, Plane Type-control."
MSK-ALM-0447,2026-09-24T04:03:21Z,MASKED-CPF-01,WARNING,MOBILE_GATEWAY #2001,GTP_PATH_STATE_IDLE_TRANSITION,L4_SERVICE_KPI,vprn100 CPM-GTP,"Path Management: Peer State: pathIdle: Gw-1, Ref point-gn, protocol-gtp, RefPointName-default,peer-<MASKED-IP>, port-2123, Local address -<MASKED-IP>, Previous Restart Counter-15, Current Restart Counter-15, Peer Restart Reason-unknown, Pkt Seq Number-0, Peer Type-sgsn, Plane Type-control."
MSK-ALM-0448,2026-09-24T04:03:34Z,MASKED-CPF-01,WARNING,MOBILE_GATEWAY #2001,GTP_PATH_STATE_IDLE_TRANSITION,L4_SERVICE_KPI,vprn100 CPM-GTP,"Path Management: Peer State: pathIdle: Gw-1, Ref point-s5, protocol-gtp, RefPointName-PGW-default,peer-<MASKED-IP>, port-2123, Local address -<MASKED-IP>, Previous Restart Counter-46, Current Restart Counter-46, Peer Restart Reason-unknown, Pkt Seq Number-0, Peer Type-sgw, Plane Type-control."
MSK-ALM-0449,2026-09-24T04:03:45Z,MASKED-CPF-01,WARNING,MOBILE_GATEWAY #2001,GTP_PATH_STATE_IDLE_TRANSITION,L4_SERVICE_KPI,vprn100 CPM-GTP,"Path Management: Peer State: pathIdle: Gw-1, Ref point-s8, protocol-gtp, RefPointName-default,peer-<MASKED-IP>, port-2123, Local address -<MASKED-IP>, Previous Restart Counter-9, Current Restart Counter-9, Peer Restart Reason-unknown, Pkt Seq Number-0, Peer Type-pgw, Plane Type-control."
MSK-ALM-0450,2026-09-24T04:03:46Z,MASKED-CPF-01,WARNING,MOBILE_GATEWAY #2001,GTP_PATH_STATE_IDLE_TRANSITION,L4_SERVICE_KPI,vprn100 CPM-GTP,"Path Management: Peer State: pathIdle: Gw-1, Ref point-s8, protocol-gtp, RefPointName-default,peer-<MASKED-IP>, port-2123, Local address -<MASKED-IP>, Previous Restart Counter-11, Current Restart Counter-11, Peer Restart Reason-unknown, Pkt Seq Number-0, Peer Type-pgw, Plane Type-control."
MSK-ALM-0451,2026-09-24T04:03:50Z,MASKED-CPF-01,WARNING,MOBILE_GATEWAY #2001,GTP_PATH_STATE_IDLE_TRANSITION,L4_SERVICE_KPI,vprn100 CPM-GTP,"Path Management: Peer State: pathIdle: Gw-1, Ref point-s8, protocol-gtp, RefPointName-default,peer-<MASKED-IP>, port-2123, Local address -<MASKED-IP>, Previous Restart Counter-9, Current Restart Counter-9, Peer Restart Reason-unknown, Pkt Seq Number-0, Peer Type-pgw, Plane Type-control."
MSK-ALM-0452,2026-09-24T04:03:51Z,MASKED-CPF-01,WARNING,MOBILE_GATEWAY #2001,GTP_PATH_STATE_IDLE_TRANSITION,L4_SERVICE_KPI,vprn100 CPM-GTP,"Path Management: Peer State: pathIdle: Gw-1, Ref point-s8, protocol-gtp, RefPointName-default,peer-<MASKED-IP>, port-2123, Local address -<MASKED-IP>, Previous Restart Counter-8, Current Restart Counter-8, Peer Restart Reason-unknown, Pkt Seq Number-0, Peer Type-pgw, Plane Type-control."
MSK-ALM-0453,2026-09-24T04:04:05Z,MASKED-CPF-01,WARNING,MOBILE_GATEWAY #2001,GTP_PATH_STATE_IDLE_TRANSITION,L4_SERVICE_KPI,vprn100 CPM-GTP,"Path Management: Peer State: pathIdle: Gw-1, Ref point-gn, protocol-gtp, RefPointName-default,peer-<MASKED-IP>, port-2123, Local address -<MASKED-IP>, Previous Restart Counter-15, Current Restart Counter-15, Peer Restart Reason-unknown, Pkt Seq Number-0, Peer Type-sgsn, Plane Type-control."
MSK-ALM-0454,2026-09-24T04:05:17Z,MASKED-CPF-01,WARNING,MOBILE_GATEWAY #2001,GTP_PATH_STATE_IDLE_TRANSITION,L4_SERVICE_KPI,vprn100 CPM-GTP,"Path Management: Peer State: pathIdle: Gw-1, Ref point-s8, protocol-gtp, RefPointName-default,peer-<MASKED-IP>, port-2123, Local address -<MASKED-IP>, Previous Restart Counter-63, Current Restart Counter-63, Peer Restart Reason-unknown, Pkt Seq Number-0, Peer Type-pgw, Plane Type-control."
MSK-ALM-0455,2026-09-24T04:05:25Z,MASKED-CPF-01,WARNING,MOBILE_GATEWAY #2001,GTP_PATH_STATE_IDLE_TRANSITION,L4_SERVICE_KPI,vprn100 CPM-GTP,"Path Management: Peer State: pathIdle: Gw-1, Ref point-s5, protocol-gtp, RefPointName-PGW-default,peer-<MASKED-IP>, port-2123, Local address -<MASKED-IP>, Previous Restart Counter-64, Current Restart Counter-64, Peer Restart Reason-unknown, Pkt Seq Number-0, Peer Type-sgw, Plane Type-control."
MSK-ALM-0456,2026-09-24T04:05:39Z,MASKED-CPF-01,WARNING,MOBILE_GATEWAY #2001,GTP_PATH_STATE_IDLE_TRANSITION,L4_SERVICE_KPI,vprn100 CPM-GTP,"Path Management: Peer State: pathIdle: Gw-1, Ref point-gn, protocol-gtp, RefPointName-default,peer-<MASKED-IP>, port-2123, Local address -<MASKED-IP>, Previous Restart Counter-15, Current Restart Counter-15, Peer Restart Reason-unknown, Pkt Seq Number-0, Peer Type-sgsn, Plane Type-control."
MSK-ALM-0457,2026-09-24T04:06:42Z,MASKED-CPF-01,WARNING,MOBILE_GATEWAY #2001,GTP_PATH_STATE_IDLE_TRANSITION,L4_SERVICE_KPI,vprn100 CPM-GTP,"Path Management: Peer State: pathIdle: Gw-1, Ref point-s5, protocol-gtp, RefPointName-PGW-default,peer-<MASKED-IP>, port-2123, Local address -<MASKED-IP>, Previous Restart Counter-64, Current Restart Counter-64, Peer Restart Reason-unknown, Pkt Seq Number-0, Peer Type-sgw, Plane Type-control."
MSK-ALM-0458,2026-09-24T04:07:04Z,MASKED-CPF-01,WARNING,MOBILE_GATEWAY #2001,GTP_PATH_STATE_IDLE_TRANSITION,L4_SERVICE_KPI,vprn100 CPM-GTP,"Path Management: Peer State: pathIdle: Gw-1, Ref point-s8, protocol-gtp, RefPointName-default,peer-<MASKED-IP>, port-2123, Local address -<MASKED-IP>, Previous Restart Counter-5, Current Restart Counter-5, Peer Restart Reason-unknown, Pkt Seq Number-0, Peer Type-pgw, Plane Type-control."
MSK-ALM-0459,2026-09-24T04:07:13Z,MASKED-CPF-01,WARNING,MOBILE_GATEWAY #2001,GTP_PATH_STATE_IDLE_TRANSITION,L4_SERVICE_KPI,vprn100 CPM-GTP,"Path Management: Peer State: pathIdle: Gw-1, Ref point-gn, protocol-gtp, RefPointName-default,peer-<MASKED-IP>, port-2123, Local address -<MASKED-IP>, Previous Restart Counter-15, Current Restart Counter-15, Peer Restart Reason-unknown, Pkt Seq Number-0, Peer Type-sgsn, Plane Type-control."
MSK-ALM-0460,2026-09-24T04:07:17Z,MASKED-CPF-01,WARNING,MOBILE_GATEWAY #2001,GTP_PATH_STATE_IDLE_TRANSITION,L4_SERVICE_KPI,vprn100 CPM-GTP,"Path Management: Peer State: pathIdle: Gw-1, Ref point-s8, protocol-gtp, RefPointName-default,peer-<MASKED-IP>, port-2123, Local address -<MASKED-IP>, Previous Restart Counter-5, Current Restart Counter-5, Peer Restart Reason-unknown, Pkt Seq Number-0, Peer Type-pgw, Plane Type-control."
MSK-ALM-0461,2026-09-24T04:07:36Z,MASKED-UPF-01,MAJOR,LOGGER #2008,ACCOUNTING_LOG_ROLLOVER,L4_NOISE,Base acct-log-id 21 file-id 21,Log file cf1:\act\<MASKED-ACT-FILE>.xml.gz on compact flash cf1 has been rolled over
MSK-ALM-0462,2026-09-24T04:07:36Z,MASKED-UPF-01,MAJOR,LOGGER #2008,ACCOUNTING_LOG_ROLLOVER,L4_NOISE,Base acct-log-id 5 file-id 55,Log file cf1:\act\<MASKED-ACT-FILE>.xml.gz on compact flash cf1 has been rolled over
MSK-ALM-0463,2026-09-24T04:07:36Z,MASKED-UPF-01,MAJOR,LOGGER #2008,ACCOUNTING_LOG_ROLLOVER,L4_NOISE,Base acct-log-id 6 file-id 66,Log file cf1:\act\<MASKED-ACT-FILE>.xml.gz on compact flash cf1 has been rolled over
MSK-ALM-0464,2026-09-24T04:07:36Z,MASKED-UPF-01,MINOR,LOGGER #2009,ACCOUNTING_LOG_CLEANUP,L4_NOISE,Base acct-log-id 1 file-id 13,Log file cf1:\mob-gw\<MASKED-PM-FILE>.xml.gz on compact flash cf1 has been deleted
MSK-ALM-0465,2026-09-24T04:07:36Z,MASKED-UPF-01,MINOR,LOGGER #2009,ACCOUNTING_LOG_CLEANUP,L4_NOISE,Base acct-log-id 6 file-id 66,Log file cf1:\act\<MASKED-ACT-FILE>.xml.gz on compact flash cf1 has been deleted
MSK-ALM-0466,2026-09-24T04:07:36Z,MASKED-UPF-01,MINOR,LOGGER #2009,ACCOUNTING_LOG_CLEANUP,L4_NOISE,Base acct-log-id 24 file-id 24,Log file cf1:\act\<MASKED-ACT-FILE>.xml.gz on compact flash cf1 has been deleted
MSK-ALM-0467,2026-09-24T04:07:36Z,MASKED-UPF-01,MINOR,LOGGER #2009,ACCOUNTING_LOG_CLEANUP,L4_NOISE,Base acct-log-id 5 file-id 55,Log file cf1:\act\<MASKED-ACT-FILE>.xml.gz on compact flash cf1 has been deleted
MSK-ALM-0468,2026-09-24T04:07:36Z,MASKED-UPF-01,MINOR,LOGGER #2009,ACCOUNTING_LOG_CLEANUP,L4_NOISE,Base acct-log-id 23 file-id 23,Log file cf1:\act\<MASKED-ACT-FILE>.xml.gz on compact flash cf1 has been deleted
MSK-ALM-0469,2026-09-24T04:07:36Z,MASKED-UPF-01,MINOR,LOGGER #2009,ACCOUNTING_LOG_CLEANUP,L4_NOISE,Base acct-log-id 22 file-id 22,Log file cf1:\act\<MASKED-ACT-FILE>.xml.gz on compact flash cf1 has been deleted
MSK-ALM-0470,2026-09-24T04:07:36Z,MASKED-UPF-01,MINOR,LOGGER #2009,ACCOUNTING_LOG_CLEANUP,L4_NOISE,Base acct-log-id 21 file-id 21,Log file cf1:\act\<MASKED-ACT-FILE>.xml.gz on compact flash cf1 has been deleted
MSK-ALM-0471,2026-09-24T04:07:37Z,MASKED-UPF-01,MAJOR,LOGGER #2008,ACCOUNTING_LOG_ROLLOVER,L4_NOISE,Base acct-log-id 24 file-id 24,Log file cf1:\act\<MASKED-ACT-FILE>.xml.gz on compact flash cf1 has been rolled over
MSK-ALM-0472,2026-09-24T04:07:37Z,MASKED-UPF-01,MAJOR,LOGGER #2008,ACCOUNTING_LOG_ROLLOVER,L4_NOISE,Base acct-log-id 23 file-id 23,Log file cf1:\act\<MASKED-ACT-FILE>.xml.gz on compact flash cf1 has been rolled over
MSK-ALM-0473,2026-09-24T04:07:37Z,MASKED-UPF-01,MAJOR,LOGGER #2008,ACCOUNTING_LOG_ROLLOVER,L4_NOISE,Base acct-log-id 22 file-id 22,Log file cf1:\act\<MASKED-ACT-FILE>.xml.gz on compact flash cf1 has been rolled over
MSK-ALM-0474,2026-09-24T04:07:47Z,MASKED-CPF-01,WARNING,MOBILE_GATEWAY #2001,GTP_PATH_STATE_IDLE_TRANSITION,L4_SERVICE_KPI,vprn100 CPM-GTP,"Path Management: Peer State: pathIdle: Gw-1, Ref point-s5, protocol-gtp, RefPointName-default,peer-<MASKED-IP>, port-2123, Local address -<MASKED-IP>, Previous Restart Counter-35, Current Restart Counter-35, Peer Restart Reason-unknown, Pkt Seq Number-0, Peer Type-pgw, Plane Type-control."
MSK-ALM-0475,2026-09-24T04:07:53Z,MASKED-CPF-01,WARNING,MOBILE_GATEWAY #2001,GTP_PATH_STATE_IDLE_TRANSITION,L4_SERVICE_KPI,vprn100 CPM-GTP,"Path Management: Peer State: pathIdle: Gw-1, Ref point-s5, protocol-gtp, RefPointName-default,peer-<MASKED-IP>, port-2123, Local address -<MASKED-IP>, Previous Restart Counter-0, Current Restart Counter-0, Peer Restart Reason-unknown, Pkt Seq Number-0, Peer Type-pgw, Plane Type-control."
MSK-ALM-0476,2026-09-24T04:10:29Z,MASKED-CPF-01,WARNING,MOBILE_GATEWAY #2001,GTP_PATH_STATE_IDLE_TRANSITION,L4_SERVICE_KPI,vprn100 CPM-GTP,"Path Management: Peer State: pathIdle: Gw-1, Ref point-s5, protocol-gtp, RefPointName-PGW-default,peer-<MASKED-IP>, port-2123, Local address -<MASKED-IP>, Previous Restart Counter-64, Current Restart Counter-64, Peer Restart Reason-unknown, Pkt Seq Number-0, Peer Type-sgw, Plane Type-control."
MSK-ALM-0477,2026-09-24T04:11:06Z,MASKED-CPF-01,WARNING,MOBILE_GATEWAY #2001,GTP_PATH_STATE_IDLE_TRANSITION,L4_SERVICE_KPI,vprn100 CPM-GTP,"Path Management: Peer State: pathIdle: Gw-1, Ref point-gn, protocol-gtp, RefPointName-default,peer-<MASKED-IP>, port-2123, Local address -<MASKED-IP>, Previous Restart Counter-15, Current Restart Counter-15, Peer Restart Reason-unknown, Pkt Seq Number-0, Peer Type-sgsn, Plane Type-control."
MSK-ALM-0478,2026-09-24T04:12:03Z,MASKED-CPF-01,WARNING,MOBILE_GATEWAY #2001,GTP_PATH_STATE_IDLE_TRANSITION,L4_SERVICE_KPI,vprn100 CPM-GTP,"Path Management: Peer State: pathIdle: Gw-1, Ref point-s5, protocol-gtp, RefPointName-PGW-default,peer-<MASKED-IP>, port-2123, Local address -<MASKED-IP>, Previous Restart Counter-64, Current Restart Counter-64, Peer Restart Reason-unknown, Pkt Seq Number-0, Peer Type-sgw, Plane Type-control."
MSK-ALM-0479,2026-09-24T04:12:10Z,MASKED-CPF-01,WARNING,MOBILE_GATEWAY #2001,GTP_PATH_STATE_IDLE_TRANSITION,L4_SERVICE_KPI,vprn100 CPM-GTP,"Path Management: Peer State: pathIdle: Gw-1, Ref point-s5, protocol-gtp, RefPointName-PGW-default,peer-<MASKED-IP>, port-2123, Local address -<MASKED-IP>, Previous Restart Counter-119, Current Restart Counter-119, Peer Restart Reason-unknown, Pkt Seq Number-0, Peer Type-sgw, Plane Type-control."
MSK-ALM-0480,2026-09-24T04:12:36Z,MASKED-CPF-01,WARNING,MOBILE_GATEWAY #2001,GTP_PATH_STATE_IDLE_TRANSITION,L4_SERVICE_KPI,vprn100 CPM-GTP,"Path Management: Peer State: pathIdle: Gw-1, Ref point-gn, protocol-gtp, RefPointName-default,peer-<MASKED-IP>, port-2123, Local address -<MASKED-IP>, Previous Restart Counter-15, Current Restart Counter-15, Peer Restart Reason-unknown, Pkt Seq Number-0, Peer Type-sgsn, Plane Type-control."
MSK-ALM-0481,2026-09-24T04:13:06Z,MASKED-CPF-01,WARNING,MOBILE_GATEWAY #2001,GTP_PATH_STATE_IDLE_TRANSITION,L4_SERVICE_KPI,vprn100 CPM-GTP,"Path Management: Peer State: pathIdle: Gw-1, Ref point-s5, protocol-gtp, RefPointName-default,peer-<MASKED-IP>, port-2123, Local address -<MASKED-IP>, Previous Restart Counter-50, Current Restart Counter-50, Peer Restart Reason-unknown, Pkt Seq Number-0, Peer Type-pgw, Plane Type-control."
MSK-ALM-0482,2026-09-24T04:13:27Z,MASKED-CPF-01,WARNING,MOBILE_GATEWAY #2001,GTP_PATH_STATE_IDLE_TRANSITION,L4_SERVICE_KPI,vprn100 CPM-GTP,"Path Management: Peer State: added: Gw-1, Ref point-s5, protocol-gtp, RefPointName-PGW-default,peer-<MASKED-IP>, port-2123, Local address -<MASKED-IP>, Previous Restart Counter-4294967295, Current Restart Counter-32, Peer Restart Reason-unknown, Pkt Seq Number-0, Peer Type-sgw, Plane Type-control."
MSK-ALM-0483,2026-09-24T04:13:29Z,MASKED-CPF-01,WARNING,MOBILE_GATEWAY #2001,GTP_PATH_STATE_IDLE_TRANSITION,L4_SERVICE_KPI,vprn100 CPM-GTP,"Path Management: Peer State: pathIdle: Gw-1, Ref point-s5, protocol-gtp, RefPointName-PGW-default,peer-<MASKED-IP>, port-2123, Local address -<MASKED-IP>, Previous Restart Counter-119, Current Restart Counter-119, Peer Restart Reason-unknown, Pkt Seq Number-0, Peer Type-sgw, Plane Type-control."
MSK-ALM-0484,2026-09-24T04:13:56Z,MASKED-CPF-01,WARNING,MOBILE_GATEWAY #2001,GTP_PATH_STATE_IDLE_TRANSITION,L4_SERVICE_KPI,vprn100 CPM-GTP,"Path Management: Peer State: pathIdle: Gw-1, Ref point-s5, protocol-gtp, RefPointName-PGW-default,peer-<MASKED-IP>, port-2123, Local address -<MASKED-IP>, Previous Restart Counter-28, Current Restart Counter-28, Peer Restart Reason-unknown, Pkt Seq Number-0, Peer Type-sgw, Plane Type-control."
MSK-ALM-0485,2026-09-24T04:13:58Z,MASKED-CPF-01,WARNING,MOBILE_GATEWAY #2001,GTP_PATH_STATE_IDLE_TRANSITION,L4_SERVICE_KPI,vprn100 CPM-GTP,"Path Management: Peer State: pathIdle: Gw-1, Ref point-s5, protocol-gtp, RefPointName-PGW-default,peer-<MASKED-IP>, port-2123, Local address -<MASKED-IP>, Previous Restart Counter-32, Current Restart Counter-32, Peer Restart Reason-unknown, Pkt Seq Number-0, Peer Type-sgw, Plane Type-control."
MSK-ALM-0486,2026-09-24T04:15:31Z,MASKED-UPF-01,MAJOR,LOGGER #2008,ACCOUNTING_LOG_ROLLOVER,L4_NOISE,Base acct-log-id 1 file-id 13,Log file cf1:\mob-gw\<MASKED-PM-FILE>.xml.gz on compact flash cf1 has been rolled over
MSK-ALM-0487,2026-09-24T04:15:35Z,MASKED-CPF-01,MAJOR,LOGGER #2008,ACCOUNTING_LOG_ROLLOVER,L4_NOISE,Base acct-log-id 1 file-id 13,Log file cf1:\mob-gw\<MASKED-PM-FILE>.xml.gz on compact flash cf1 has been rolled over
MSK-ALM-0488,2026-09-24T04:16:12Z,MASKED-CPF-01,WARNING,MOBILE_GATEWAY #2001,GTP_PATH_STATE_IDLE_TRANSITION,L4_SERVICE_KPI,vprn100 CPM-GTP,"Path Management: Peer State: added: Gw-1, Ref point-s5, protocol-gtp, RefPointName-default,peer-<MASKED-IP>, port-2123, Local address -<MASKED-IP>, Previous Restart Counter-4294967295, Current Restart Counter-4294967295, Peer Restart Reason-unknown, Pkt Seq Number-0, Peer Type-pgw, Plane Type-control."
MSK-ALM-0489,2026-09-24T04:16:23Z,MASKED-CPF-01,WARNING,MOBILE_GATEWAY #2001,GTP_PATH_STATE_IDLE_TRANSITION,L4_SERVICE_KPI,vprn100 CPM-GTP,"Path Management: Peer State: pathIdle: Gw-1, Ref point-s5, protocol-gtp, RefPointName-PGW-default,peer-<MASKED-IP>, port-2123, Local address -<MASKED-IP>, Previous Restart Counter-60, Current Restart Counter-60, Peer Restart Reason-unknown, Pkt Seq Number-0, Peer Type-sgw, Plane Type-control."
MSK-ALM-0490,2026-09-24T04:16:29Z,MASKED-CPF-01,WARNING,MOBILE_GATEWAY #2001,GTP_PATH_STATE_IDLE_TRANSITION,L4_SERVICE_KPI,vprn100 CPM-GTP,"Path Management: Peer State: pathIdle: Gw-1, Ref point-s5, protocol-gtp, RefPointName-default,peer-<MASKED-IP>, port-2123, Local address -<MASKED-IP>, Previous Restart Counter-0, Current Restart Counter-0, Peer Restart Reason-unknown, Pkt Seq Number-0, Peer Type-pgw, Plane Type-control."
MSK-ALM-0491,2026-09-24T04:18:35Z,MASKED-CPF-01,WARNING,MOBILE_GATEWAY #2001,GTP_PATH_STATE_IDLE_TRANSITION,L4_SERVICE_KPI,vprn100 CPM-GTP,"Path Management: Peer State: pathIdle: Gw-1, Ref point-s5, protocol-gtp, RefPointName-PGW-default,peer-<MASKED-IP>, port-2123, Local address -<MASKED-IP>, Previous Restart Counter-28, Current Restart Counter-28, Peer Restart Reason-unknown, Pkt Seq Number-0, Peer Type-sgw, Plane Type-control."
MSK-ALM-0492,2026-09-24T04:18:50Z,MASKED-CPF-01,WARNING,MOBILE_GATEWAY #2001,GTP_PATH_STATE_IDLE_TRANSITION,L4_SERVICE_KPI,vprn100 CPM-GTP,"Path Management: Peer State: pathIdle: Gw-1, Ref point-s5, protocol-gtp, RefPointName-PGW-default,peer-<MASKED-IP>, port-2123, Local address -<MASKED-IP>, Previous Restart Counter-18, Current Restart Counter-18, Peer Restart Reason-unknown, Pkt Seq Number-0, Peer Type-sgw, Plane Type-control."
MSK-ALM-0493,2026-09-24T04:19:44Z,MASKED-CPF-01,WARNING,MOBILE_GATEWAY #2001,GTP_PATH_STATE_IDLE_TRANSITION,L4_SERVICE_KPI,vprn100 CPM-GTP,"Path Management: Peer State: pathIdle: Gw-1, Ref point-s5, protocol-gtp, RefPointName-PGW-default,peer-<MASKED-IP>, port-2123, Local address -<MASKED-IP>, Previous Restart Counter-28, Current Restart Counter-28, Peer Restart Reason-unknown, Pkt Seq Number-0, Peer Type-sgw, Plane Type-control."
MSK-ALM-0494,2026-09-24T04:20:27Z,MASKED-CPF-01,WARNING,MOBILE_GATEWAY #2001,GTP_PATH_STATE_IDLE_TRANSITION,L4_SERVICE_KPI,vprn100 CPM-GTP,"Path Management: Peer State: pathIdle: Gw-1, Ref point-s5, protocol-gtp, RefPointName-PGW-default,peer-<MASKED-IP>, port-2123, Local address -<MASKED-IP>, Previous Restart Counter-46, Current Restart Counter-46, Peer Restart Reason-unknown, Pkt Seq Number-0, Peer Type-sgw, Plane Type-control."
MSK-ALM-0495,2026-09-24T04:20:55Z,MASKED-CPF-01,WARNING,MOBILE_GATEWAY #2001,GTP_PATH_STATE_IDLE_TRANSITION,L4_SERVICE_KPI,vprn100 CPM-GTP,"Path Management: Peer State: pathIdle: Gw-1, Ref point-s5, protocol-gtp, RefPointName-PGW-default,peer-<MASKED-IP>, port-2123, Local address -<MASKED-IP>, Previous Restart Counter-119, Current Restart Counter-119, Peer Restart Reason-unknown, Pkt Seq Number-0, Peer Type-sgw, Plane Type-control."
MSK-ALM-0496,2026-09-24T04:21:00Z,MASKED-CPF-01,WARNING,MOBILE_GATEWAY #2001,GTP_PATH_STATE_IDLE_TRANSITION,L4_SERVICE_KPI,vprn100 CPM-GTP,"Path Management: Peer State: pathIdle: Gw-1, Ref point-s5, protocol-gtp, RefPointName-PGW-default,peer-<MASKED-IP>, port-2123, Local address -<MASKED-IP>, Previous Restart Counter-60, Current Restart Counter-60, Peer Restart Reason-unknown, Pkt Seq Number-0, Peer Type-sgw, Plane Type-control."
MSK-ALM-0497,2026-09-24T04:21:42Z,MASKED-CPF-01,WARNING,MOBILE_GATEWAY #2001,GTP_PATH_STATE_IDLE_TRANSITION,L4_SERVICE_KPI,vprn100 CPM-GTP,"Path Management: Peer State: pathIdle: Gw-1, Ref point-s5, protocol-gtp, RefPointName-default,peer-<MASKED-IP>, port-2123, Local address -<MASKED-IP>, Previous Restart Counter-0, Current Restart Counter-0, Peer Restart Reason-unknown, Pkt Seq Number-0, Peer Type-pgw, Plane Type-control."
MSK-ALM-0498,2026-09-24T04:22:04Z,MASKED-CPF-01,WARNING,MOBILE_GATEWAY #2001,GTP_PATH_STATE_IDLE_TRANSITION,L4_SERVICE_KPI,vprn100 CPM-GTP,"Path Management: Peer State: pathIdle: Gw-1, Ref point-gn, protocol-gtp, RefPointName-default,peer-<MASKED-IP>, port-2123, Local address -<MASKED-IP>, Previous Restart Counter-15, Current Restart Counter-15, Peer Restart Reason-unknown, Pkt Seq Number-0, Peer Type-sgsn, Plane Type-control."
MSK-ALM-0499,2026-09-24T04:22:05Z,MASKED-CPF-01,WARNING,MOBILE_GATEWAY #2001,GTP_PATH_STATE_IDLE_TRANSITION,L4_SERVICE_KPI,vprn100 CPM-GTP,"Path Management: Peer State: pathIdle: Gw-1, Ref point-s2b, protocol-gtp, RefPointName-default,peer-<MASKED-IP>, port-2123, Local address -<MASKED-IP>, Previous Restart Counter-25, Current Restart Counter-25, Peer Restart Reason-unknown, Pkt Seq Number-0, Peer Type-epdg, Plane Type-control."
MSK-ALM-0500,2026-09-24T04:22:36Z,MASKED-UPF-01,MAJOR,LOGGER #2008,ACCOUNTING_LOG_ROLLOVER,L4_NOISE,Base acct-log-id 6 file-id 66,Log file cf1:\act\<MASKED-ACT-FILE>.xml.gz on compact flash cf1 has been rolled over
